id,age,cabin,embarked,fare,name,parents_and_children,p_class,sex,siblings_and_spouses,survived,ticket,source,fam_size,fam_mul_size
1,22.0,,S,7.25,Mr,0,3,male,1,0.0,A/5 21171,train,1,0
2,38.0,C85,C,71.2833,Mrs,0,1,female,1,1.0,PC 17599,train,1,0
3,26.0,,S,7.925,Miss,0,3,female,0,1.0,STON/O2. 3101282,train,0,0
4,35.0,C123,S,53.1,Mrs,0,1,female,1,1.0,113803,train,1,0
5,35.0,,S,8.05,Mr,0,3,male,0,0.0,373450,train,0,0
6,25.0,,Q,8.4583,Mr,0,3,male,0,0.0,330877,train,0,0
7,54.0,E46,S,51.8625,Mr,0,1,male,0,0.0,17463,train,0,0
8,2.0,,S,21.075,Master,1,3,male,3,0.0,349909,train,4,3
9,27.0,,S,11.1333,Mrs,2,3,female,0,1.0,347742,train,2,0
10,14.0,,C,30.0708,Mrs,0,2,female,1,1.0,237736,train,1,0
11,4.0,G6,S,16.7,Miss,1,3,female,1,1.0,PP 9549,train,2,1
12,58.0,C103,S,26.55,Miss,0,1,female,0,1.0,113783,train,0,0
13,20.0,,S,8.05,Mr,0,3,male,0,0.0,A/5. 2151,train,0,0
14,39.0,,S,31.275,Mr,5,3,male,1,0.0,347082,train,6,5
15,14.0,,S,7.8542,Miss,0,3,female,0,0.0,350406,train,0,0
16,55.0,,S,16.0,Mrs,0,2,female,0,1.0,248706,train,0,0
17,2.0,,Q,29.125,Master,1,3,male,4,0.0,382652,train,5,4
18,29.5,,S,13.0,Mr,0,2,male,0,1.0,244373,train,0,0
19,31.0,,S,18.0,Mrs,0,3,female,1,0.0,345763,train,1,0
20,22.0,,C,7.225,Mrs,0,3,female,0,1.0,2649,train,0,0
21,35.0,,S,26.0,Mr,0,2,male,0,0.0,239865,train,0,0
22,34.0,D56,S,13.0,Mr,0,2,male,0,1.0,248698,train,0,0
23,15.0,,Q,8.0292,Miss,0,3,female,0,1.0,330923,train,0,0
24,28.0,A6,S,35.5,Mr,0,1,male,0,1.0,113788,train,0,0
25,8.0,,S,21.075,Miss,1,3,female,3,0.0,349909,train,4,3
26,38.0,,S,31.3875,Mrs,5,3,female,1,1.0,347077,train,6,5
27,25.0,,C,7.225,Mr,0,3,male,0,0.0,2631,train,0,0
28,19.0,C23 C25 C27,S,263.0,Mr,2,1,male,3,0.0,19950,train,5,6
29,22.0,,Q,7.8792,Miss,0,3,female,0,1.0,330959,train,0,0
30,25.0,,S,7.8958,Mr,0,3,male,0,0.0,349216,train,0,0
31,40.0,,C,27.7208,Don,0,1,male,0,0.0,PC 17601,train,0,0
32,36.0,B78,C,146.5208,Mrs,0,1,female,1,1.0,PC 17569,train,1,0
33,22.0,,Q,7.75,Miss,0,3,female,0,1.0,335677,train,0,0
34,66.0,,S,10.5,Mr,0,2,male,0,0.0,C.A. 24579,train,0,0
35,28.0,,C,82.1708,Mr,0,1,male,1,0.0,PC 17604,train,1,0
36,42.0,,S,52.0,Mr,0,1,male,1,0.0,113789,train,1,0
37,25.0,,C,7.2292,Mr,0,3,male,0,1.0,2677,train,0,0
38,21.0,,S,8.05,Mr,0,3,male,0,0.0,A./5. 2152,train,0,0
39,18.0,,S,18.0,Miss,0,3,female,2,0.0,345764,train,2,0
40,14.0,,C,11.2417,Miss,0,3,female,1,1.0,2651,train,1,0
41,40.0,,S,9.475,Mrs,0,3,female,1,0.0,7546,train,1,0
42,27.0,,S,21.0,Mrs,0,2,female,1,0.0,11668,train,1,0
43,25.0,,C,7.8958,Mr,0,3,male,0,0.0,349253,train,0,0
44,3.0,,C,41.5792,Miss,2,2,female,1,1.0,SC/Paris 2123,train,3,2
45,19.0,,Q,7.8792,Miss,0,3,female,0,1.0,330958,train,0,0
46,25.0,,S,8.05,Mr,0,3,male,0,0.0,S.C./A.4. 23567,train,0,0
47,25.0,,Q,15.5,Mr,0,3,male,1,0.0,370371,train,1,0
48,22.0,,Q,7.75,Miss,0,3,female,0,1.0,14311,train,0,0
49,25.0,,C,21.6792,Mr,0,3,male,2,0.0,2662,train,2,0
50,18.0,,S,17.8,Mrs,0,3,female,1,0.0,349237,train,1,0
51,7.0,,S,39.6875,Master,1,3,male,4,0.0,3101295,train,5,4
52,21.0,,S,7.8,Mr,0,3,male,0,0.0,A/4. 39886,train,0,0
53,49.0,D33,C,76.7292,Mrs,0,1,female,1,1.0,PC 17572,train,1,0
54,29.0,,S,26.0,Mrs,0,2,female,1,1.0,2926,train,1,0
55,65.0,B30,C,61.9792,Mr,1,1,male,0,0.0,113509,train,1,0
56,42.0,C52,S,35.5,Mr,0,1,male,0,1.0,19947,train,0,0
57,21.0,,S,10.5,Miss,0,2,female,0,1.0,C.A. 31026,train,0,0
58,28.5,,C,7.2292,Mr,0,3,male,0,0.0,2697,train,0,0
59,5.0,,S,27.75,Miss,2,2,female,1,1.0,C.A. 34651,train,3,2
60,11.0,,S,46.9,Master,2,3,male,5,0.0,CA 2144,train,7,10
61,22.0,,C,7.2292,Mr,0,3,male,0,0.0,2669,train,0,0
62,38.0,B28,S,80.0,Miss,0,1,female,0,1.0,113572,train,0,0
63,45.0,C83,S,83.475,Mr,0,1,male,1,0.0,36973,train,1,0
64,4.0,,S,27.9,Master,2,3,male,3,0.0,347088,train,5,6
65,42.0,,C,27.7208,Mr,0,1,male,0,0.0,PC 17605,train,0,0
66,25.0,,C,15.2458,Master,1,3,male,1,1.0,2661,train,2,1
67,29.0,F33,S,10.5,Mrs,0,2,female,0,1.0,C.A. 29395,train,0,0
68,19.0,,S,8.1583,Mr,0,3,male,0,0.0,S.P. 3464,train,0,0
69,17.0,,S,7.925,Miss,2,3,female,4,1.0,3101281,train,6,8
70,26.0,,S,8.6625,Mr,0,3,male,2,0.0,315151,train,2,0
71,32.0,,S,10.5,Mr,0,2,male,0,0.0,C.A. 33111,train,0,0
72,16.0,,S,46.9,Miss,2,3,female,5,0.0,CA 2144,train,7,10
73,21.0,,S,73.5,Mr,0,2,male,0,0.0,S.O.C. 14879,train,0,0
74,26.0,,C,14.4542,Mr,0,3,male,1,0.0,2680,train,1,0
75,32.0,,S,56.4958,Mr,0,3,male,0,1.0,1601,train,0,0
76,25.0,F G73,S,7.65,Mr,0,3,male,0,0.0,348123,train,0,0
77,25.0,,S,7.8958,Mr,0,3,male,0,0.0,349208,train,0,0
78,25.0,,S,8.05,Mr,0,3,male,0,0.0,374746,train,0,0
79,0.83,,S,29.0,Master,2,2,male,0,1.0,248738,train,2,0
80,30.0,,S,12.475,Miss,0,3,female,0,1.0,364516,train,0,0
81,22.0,,S,9.0,Mr,0,3,male,0,0.0,345767,train,0,0
82,29.0,,S,9.5,Mr,0,3,male,0,1.0,345779,train,0,0
83,22.0,,Q,7.7875,Miss,0,3,female,0,1.0,330932,train,0,0
84,28.0,,S,47.1,Mr,0,1,male,0,0.0,113059,train,0,0
85,17.0,,S,10.5,Miss,0,2,female,0,1.0,SO/C 14885,train,0,0
86,33.0,,S,15.85,Mrs,0,3,female,3,1.0,3101278,train,3,0
87,16.0,,S,34.375,Mr,3,3,male,1,0.0,W./C. 6608,train,4,3
88,25.0,,S,8.05,Mr,0,3,male,0,0.0,SOTON/OQ 392086,train,0,0
89,23.0,C23 C25 C27,S,263.0,Miss,2,1,female,3,1.0,19950,train,5,6
90,24.0,,S,8.05,Mr,0,3,male,0,0.0,343275,train,0,0
91,29.0,,S,8.05,Mr,0,3,male,0,0.0,343276,train,0,0
92,20.0,,S,7.8542,Mr,0,3,male,0,0.0,347466,train,0,0
93,46.0,E31,S,61.175,Mr,0,1,male,1,0.0,W.E.P. 5734,train,1,0
94,26.0,,S,20.575,Mr,2,3,male,1,0.0,C.A. 2315,train,3,2
95,59.0,,S,7.25,Mr,0,3,male,0,0.0,364500,train,0,0
96,25.0,,S,8.05,Mr,0,3,male,0,0.0,374910,train,0,0
97,71.0,A5,C,34.6542,Mr,0,1,male,0,0.0,PC 17754,train,0,0
98,23.0,D10 D12,C,63.3583,Mr,1,1,male,0,1.0,PC 17759,train,1,0
99,34.0,,S,23.0,Mrs,1,2,female,0,1.0,231919,train,1,0
100,34.0,,S,26.0,Mr,0,2,male,1,0.0,244367,train,1,0
101,28.0,,S,7.8958,Miss,0,3,female,0,0.0,349245,train,0,0
102,25.0,,S,7.8958,Mr,0,3,male,0,0.0,349215,train,0,0
103,21.0,D26,S,77.2875,Mr,1,1,male,0,0.0,35281,train,1,0
104,33.0,,S,8.6542,Mr,0,3,male,0,0.0,7540,train,0,0
105,37.0,,S,7.925,Mr,0,3,male,2,0.0,3101276,train,2,0
106,28.0,,S,7.8958,Mr,0,3,male,0,0.0,349207,train,0,0
107,21.0,,S,7.65,Miss,0,3,female,0,1.0,343120,train,0,0
108,25.0,,S,7.775,Mr,0,3,male,0,1.0,312991,train,0,0
109,38.0,,S,7.8958,Mr,0,3,male,0,0.0,349249,train,0,0
110,22.0,,Q,24.15,Miss,0,3,female,1,1.0,371110,train,1,0
111,47.0,C110,S,52.0,Mr,0,1,male,0,0.0,110465,train,0,0
112,14.5,,C,14.4542,Miss,0,3,female,1,0.0,2665,train,1,0
113,22.0,,S,8.05,Mr,0,3,male,0,0.0,324669,train,0,0
114,20.0,,S,9.825,Miss,0,3,female,1,0.0,4136,train,1,0
115,17.0,,C,14.4583,Miss,0,3,female,0,0.0,2627,train,0,0
116,21.0,,S,7.925,Mr,0,3,male,0,0.0,STON/O 2. 3101294,train,0,0
117,70.5,,Q,7.75,Mr,0,3,male,0,0.0,370369,train,0,0
118,29.0,,S,21.0,Mr,0,2,male,1,0.0,11668,train,1,0
119,24.0,B58 B60,C,247.5208,Mr,1,1,male,0,0.0,PC 17558,train,1,0
120,2.0,,S,31.275,Miss,2,3,female,4,0.0,347082,train,6,8
121,21.0,,S,73.5,Mr,0,2,male,2,0.0,S.O.C. 14879,train,2,0
122,25.0,,S,8.05,Mr,0,3,male,0,0.0,A4. 54510,train,0,0
123,32.5,,C,30.0708,Mr,0,2,male,1,0.0,237736,train,1,0
124,32.5,E101,S,13.0,Miss,0,2,female,0,1.0,27267,train,0,0
125,54.0,D26,S,77.2875,Mr,1,1,male,0,0.0,35281,train,1,0
126,12.0,,C,11.2417,Master,0,3,male,1,1.0,2651,train,1,0
127,25.0,,Q,7.75,Mr,0,3,male,0,0.0,370372,train,0,0
128,24.0,,S,7.1417,Mr,0,3,male,0,1.0,C 17369,train,0,0
129,22.0,F E69,C,22.3583,Miss,1,3,female,1,1.0,2668,train,2,1
130,45.0,,S,6.975,Mr,0,3,male,0,0.0,347061,train,0,0
131,33.0,,C,7.8958,Mr,0,3,male,0,0.0,349241,train,0,0
132,20.0,,S,7.05,Mr,0,3,male,0,0.0,SOTON/O.Q. 3101307,train,0,0
133,47.0,,S,14.5,Mrs,0,3,female,1,0.0,A/5. 3337,train,1,0
134,29.0,,S,26.0,Mrs,0,2,female,1,1.0,228414,train,1,0
135,25.0,,S,13.0,Mr,0,2,male,0,0.0,C.A. 29178,train,0,0
136,23.0,,C,15.0458,Mr,0,2,male,0,0.0,SC/PARIS 2133,train,0,0
137,19.0,D47,S,26.2833,Miss,2,1,female,0,1.0,11752,train,2,0
138,37.0,C123,S,53.1,Mr,0,1,male,1,0.0,113803,train,1,0
139,16.0,,S,9.2167,Mr,0,3,male,0,0.0,7534,train,0,0
140,24.0,B86,C,79.2,Mr,0,1,male,0,0.0,PC 17593,train,0,0
141,22.0,,C,15.2458,Mrs,2,3,female,0,0.0,2678,train,2,0
142,22.0,,S,7.75,Miss,0,3,female,0,1.0,347081,train,0,0
143,24.0,,S,15.85,Mrs,0,3,female,1,1.0,STON/O2. 3101279,train,1,0
144,19.0,,Q,6.75,Mr,0,3,male,0,0.0,365222,train,0,0
145,18.0,,S,11.5,Mr,0,2,male,0,0.0,231945,train,0,0
146,19.0,,S,36.75,Mr,1,2,male,1,0.0,C.A. 33112,train,2,1
147,27.0,,S,7.7958,Mr,0,3,male,0,1.0,350043,train,0,0
148,9.0,,S,34.375,Miss,2,3,female,2,0.0,W./C. 6608,train,4,4
149,36.5,F2,S,26.0,Mr,2,2,male,0,0.0,230080,train,2,0
150,42.0,,S,13.0,Rev,0,2,male,0,0.0,244310,train,0,0
151,51.0,,S,12.525,Rev,0,2,male,0,0.0,S.O.P. 1166,train,0,0
152,22.0,C2,S,66.6,Mrs,0,1,female,1,1.0,113776,train,1,0
153,55.5,,S,8.05,Mr,0,3,male,0,0.0,A.5. 11206,train,0,0
154,40.5,,S,14.5,Mr,2,3,male,0,0.0,A/5. 851,train,2,0
155,25.0,,S,7.3125,Mr,0,3,male,0,0.0,Fa 265302,train,0,0
156,51.0,,C,61.3792,Mr,1,1,male,0,0.0,PC 17597,train,1,0
157,16.0,,Q,7.7333,Miss,0,3,female,0,1.0,35851,train,0,0
158,30.0,,S,8.05,Mr,0,3,male,0,0.0,SOTON/OQ 392090,train,0,0
159,25.0,,S,8.6625,Mr,0,3,male,0,0.0,315037,train,0,0
160,25.0,,S,69.55,Master,2,3,male,8,0.0,CA. 2343,train,10,16
161,44.0,,S,16.1,Mr,1,3,male,0,0.0,371362,train,1,0
162,40.0,,S,15.75,Mrs,0,2,female,0,1.0,C.A. 33595,train,0,0
163,26.0,,S,7.775,Mr,0,3,male,0,0.0,347068,train,0,0
164,17.0,,S,8.6625,Mr,0,3,male,0,0.0,315093,train,0,0
165,1.0,,S,39.6875,Master,1,3,male,4,0.0,3101295,train,5,4
166,9.0,,S,20.525,Master,2,3,male,0,1.0,363291,train,2,0
167,36.0,E33,S,55.0,Mrs,1,1,female,0,1.0,113505,train,1,0
168,45.0,,S,27.9,Mrs,4,3,female,1,0.0,347088,train,5,4
169,42.0,,S,25.925,Mr,0,1,male,0,0.0,PC 17318,train,0,0
170,28.0,,S,56.4958,Mr,0,3,male,0,0.0,1601,train,0,0
171,61.0,B19,S,33.5,Mr,0,1,male,0,0.0,111240,train,0,0
172,4.0,,Q,29.125,Master,1,3,male,4,0.0,382652,train,5,4
173,1.0,,S,11.1333,Miss,1,3,female,1,1.0,347742,train,2,1
174,21.0,,S,7.925,Mr,0,3,male,0,0.0,STON/O 2. 3101280,train,0,0
175,56.0,A7,C,30.6958,Mr,0,1,male,0,0.0,17764,train,0,0
176,18.0,,S,7.8542,Mr,1,3,male,1,0.0,350404,train,2,1
177,25.0,,S,25.4667,Master,1,3,male,3,0.0,4133,train,4,3
178,50.0,C49,C,28.7125,Miss,0,1,female,0,0.0,PC 17595,train,0,0
179,30.0,,S,13.0,Mr,0,2,male,0,0.0,250653,train,0,0
180,36.0,,S,0.0,Mr,0,3,male,0,0.0,LINE,train,0,0
181,22.0,,S,69.55,Miss,2,3,female,8,0.0,CA. 2343,train,10,16
182,29.5,,C,15.05,Mr,0,2,male,0,0.0,SC/PARIS 2131,train,0,0
183,9.0,,S,31.3875,Master,2,3,male,4,0.0,347077,train,6,8
184,1.0,F4,S,39.0,Master,1,2,male,2,1.0,230136,train,3,2
185,4.0,,S,22.025,Miss,2,3,female,0,1.0,315153,train,2,0
186,42.0,A32,S,50.0,Mr,0,1,male,0,0.0,113767,train,0,0
187,22.0,,Q,15.5,Mrs,0,3,female,1,1.0,370365,train,1,0
188,45.0,,S,26.55,Mr,0,1,male,0,1.0,111428,train,0,0
189,40.0,,Q,15.5,Mr,1,3,male,1,0.0,364849,train,2,1
190,36.0,,S,7.8958,Mr,0,3,male,0,0.0,349247,train,0,0
191,32.0,,S,13.0,Mrs,0,2,female,0,1.0,234604,train,0,0
192,19.0,,S,13.0,Mr,0,2,male,0,0.0,28424,train,0,0
193,19.0,,S,7.8542,Miss,0,3,female,1,1.0,350046,train,1,0
194,3.0,F2,S,26.0,Master,1,2,male,1,1.0,230080,train,2,1
195,44.0,B4,C,27.7208,Mrs,0,1,female,0,1.0,PC 17610,train,0,0
196,58.0,B80,C,146.5208,Miss,0,1,female,0,1.0,PC 17569,train,0,0
197,25.0,,Q,7.75,Mr,0,3,male,0,0.0,368703,train,0,0
198,42.0,,S,8.4042,Mr,1,3,male,0,0.0,4579,train,1,0
199,22.0,,Q,7.75,Miss,0,3,female,0,1.0,370370,train,0,0
200,24.0,,S,13.0,Miss,0,2,female,0,0.0,248747,train,0,0
201,28.0,,S,9.5,Mr,0,3,male,0,0.0,345770,train,0,0
202,25.0,,S,69.55,Mr,2,3,male,8,0.0,CA. 2343,train,10,16
203,34.0,,S,6.4958,Mr,0,3,male,0,0.0,3101264,train,0,0
204,45.5,,C,7.225,Mr,0,3,male,0,0.0,2628,train,0,0
205,18.0,,S,8.05,Mr,0,3,male,0,1.0,A/5 3540,train,0,0
206,2.0,G6,S,10.4625,Miss,1,3,female,0,0.0,347054,train,1,0
207,32.0,,S,15.85,Mr,0,3,male,1,0.0,3101278,train,1,0
208,26.0,,C,18.7875,Mr,0,3,male,0,1.0,2699,train,0,0
209,16.0,,Q,7.75,Miss,0,3,female,0,1.0,367231,train,0,0
210,40.0,A31,C,31.0,Mr,0,1,male,0,1.0,112277,train,0,0
211,24.0,,S,7.05,Mr,0,3,male,0,0.0,SOTON/O.Q. 3101311,train,0,0
212,35.0,,S,21.0,Miss,0,2,female,0,1.0,F.C.C. 13528,train,0,0
213,22.0,,S,7.25,Mr,0,3,male,0,0.0,A/5 21174,train,0,0
214,30.0,,S,13.0,Mr,0,2,male,0,0.0,250646,train,0,0
215,25.0,,Q,7.75,Mr,0,3,male,1,0.0,367229,train,1,0
216,31.0,D36,C,113.275,Miss,0,1,female,1,1.0,35273,train,1,0
217,27.0,,S,7.925,Miss,0,3,female,0,1.0,STON/O2. 3101283,train,0,0
218,42.0,,S,27.0,Mr,0,2,male,1,0.0,243847,train,1,0
219,32.0,D15,C,76.2917,Miss,0,1,female,0,1.0,11813,train,0,0
220,30.0,,S,10.5,Mr,0,2,male,0,0.0,W/C 14208,train,0,0
221,16.0,,S,8.05,Mr,0,3,male,0,1.0,SOTON/OQ 392089,train,0,0
222,27.0,,S,13.0,Mr,0,2,male,0,0.0,220367,train,0,0
223,51.0,,S,8.05,Mr,0,3,male,0,0.0,21440,train,0,0
224,25.0,,S,7.8958,Mr,0,3,male,0,0.0,349234,train,0,0
225,38.0,C93,S,90.0,Mr,0,1,male,1,1.0,19943,train,1,0
226,22.0,,S,9.35,Mr,0,3,male,0,0.0,PP 4348,train,0,0
227,19.0,,S,10.5,Mr,0,2,male,0,1.0,SW/PP 751,train,0,0
228,20.5,,S,7.25,Mr,0,3,male,0,0.0,A/5 21173,train,0,0
229,18.0,,S,13.0,Mr,0,2,male,0,0.0,236171,train,0,0
230,22.0,,S,25.4667,Miss,1,3,female,3,0.0,4133,train,4,3
231,35.0,C83,S,83.475,Mrs,0,1,female,1,1.0,36973,train,1,0
232,29.0,,S,7.775,Mr,0,3,male,0,0.0,347067,train,0,0
233,59.0,,S,13.5,Mr,0,2,male,0,0.0,237442,train,0,0
234,5.0,,S,31.3875,Miss,2,3,female,4,1.0,347077,train,6,8
235,24.0,,S,10.5,Mr,0,2,male,0,0.0,C.A. 29566,train,0,0
236,22.0,,S,7.55,Miss,0,3,female,0,0.0,W./C. 6609,train,0,0
237,44.0,,S,26.0,Mr,0,2,male,1,0.0,26707,train,1,0
238,8.0,,S,26.25,Miss,2,2,female,0,1.0,C.A. 31921,train,2,0
239,19.0,,S,10.5,Mr,0,2,male,0,0.0,28665,train,0,0
240,33.0,,S,12.275,Mr,0,2,male,0,0.0,SCO/W 1585,train,0,0
241,22.0,,C,14.4542,Miss,0,3,female,1,0.0,2665,train,1,0
242,22.0,,Q,15.5,Miss,0,3,female,1,1.0,367230,train,1,0
243,29.0,,S,10.5,Mr,0,2,male,0,0.0,W./C. 14263,train,0,0
244,22.0,,S,7.125,Mr,0,3,male,0,0.0,STON/O 2. 3101275,train,0,0
245,30.0,,C,7.225,Mr,0,3,male,0,0.0,2694,train,0,0
246,44.0,C78,Q,90.0,Dr,0,1,male,2,0.0,19928,train,2,0
247,25.0,,S,7.775,Miss,0,3,female,0,0.0,347071,train,0,0
248,24.0,,S,14.5,Mrs,2,2,female,0,1.0,250649,train,2,0
249,37.0,D35,S,52.5542,Mr,1,1,male,1,1.0,11751,train,2,1
250,54.0,,S,26.0,Rev,0,2,male,1,0.0,244252,train,1,0
251,25.0,,S,7.25,Mr,0,3,male,0,0.0,362316,train,0,0
252,29.0,G6,S,10.4625,Mrs,1,3,female,1,0.0,347054,train,2,1
253,62.0,C87,S,26.55,Mr,0,1,male,0,0.0,113514,train,0,0
254,30.0,,S,16.1,Mr,0,3,male,1,0.0,A/5. 3336,train,1,0
255,41.0,,S,20.2125,Mrs,2,3,female,0,0.0,370129,train,2,0
256,29.0,,C,15.2458,Mrs,2,3,female,0,1.0,2650,train,2,0
257,36.0,,C,79.2,Mrs,0,1,female,0,1.0,PC 17585,train,0,0
258,30.0,B77,S,86.5,Miss,0,1,female,0,1.0,110152,train,0,0
259,35.0,,C,512.3292,Miss,0,1,female,0,1.0,PC 17755,train,0,0
260,50.0,,S,26.0,Mrs,1,2,female,0,1.0,230433,train,1,0
261,25.0,,Q,7.75,Mr,0,3,male,0,0.0,384461,train,0,0
262,3.0,,S,31.3875,Master,2,3,male,4,1.0,347077,train,6,8
263,52.0,E67,S,79.65,Mr,1,1,male,1,0.0,110413,train,2,1
264,40.0,B94,S,0.0,Mr,0,1,male,0,0.0,112059,train,0,0
265,22.0,,Q,7.75,Miss,0,3,female,0,0.0,382649,train,0,0
266,36.0,,S,10.5,Mr,0,2,male,0,0.0,C.A. 17248,train,0,0
267,16.0,,S,39.6875,Mr,1,3,male,4,0.0,3101295,train,5,4
268,25.0,,S,7.775,Mr,0,3,male,1,1.0,347083,train,1,0
269,58.0,C125,S,153.4625,Mrs,1,1,female,0,1.0,PC 17582,train,1,0
270,35.0,C99,S,135.6333,Miss,0,1,female,0,1.0,PC 17760,train,0,0
271,42.0,,S,31.0,Mr,0,1,male,0,0.0,113798,train,0,0
272,25.0,,S,0.0,Mr,0,3,male,0,1.0,LINE,train,0,0
273,41.0,,S,19.5,Mrs,1,2,female,0,1.0,250644,train,1,0
274,37.0,C118,C,29.7,Mr,1,1,male,0,0.0,PC 17596,train,1,0
275,22.0,,Q,7.75,Miss,0,3,female,0,1.0,370375,train,0,0
276,63.0,D7,S,77.9583,Miss,0,1,female,1,1.0,13502,train,1,0
277,45.0,,S,7.75,Miss,0,3,female,0,0.0,347073,train,0,0
278,29.5,,S,0.0,Mr,0,2,male,0,0.0,239853,train,0,0
279,7.0,,Q,29.125,Master,1,3,male,4,0.0,382652,train,5,4
280,35.0,,S,20.25,Mrs,1,3,female,1,1.0,C.A. 2673,train,2,1
281,65.0,,Q,7.75,Mr,0,3,male,0,0.0,336439,train,0,0
282,28.0,,S,7.8542,Mr,0,3,male,0,0.0,347464,train,0,0
283,16.0,,S,9.5,Mr,0,3,male,0,0.0,345778,train,0,0
284,19.0,,S,8.05,Mr,0,3,male,0,1.0,A/5. 10482,train,0,0
285,42.0,A19,S,26.0,Mr,0,1,male,0,0.0,113056,train,0,0
286,33.0,,C,8.6625,Mr,0,3,male,0,0.0,349239,train,0,0
287,30.0,,S,9.5,Mr,0,3,male,0,1.0,345774,train,0,0
288,22.0,,S,7.8958,Mr,0,3,male,0,0.0,349206,train,0,0
289,42.0,,S,13.0,Mr,0,2,male,0,1.0,237798,train,0,0
290,22.0,,Q,7.75,Miss,0,3,female,0,1.0,370373,train,0,0
291,26.0,,S,78.85,Miss,0,1,female,0,1.0,19877,train,0,0
292,19.0,B49,C,91.0792,Mrs,0,1,female,1,1.0,11967,train,1,0
293,36.0,D,C,12.875,Mr,0,2,male,0,0.0,SC/Paris 2163,train,0,0
294,24.0,,S,8.85,Miss,0,3,female,0,0.0,349236,train,0,0
295,24.0,,S,7.8958,Mr,0,3,male,0,0.0,349233,train,0,0
296,42.0,,C,27.7208,Mr,0,1,male,0,0.0,PC 17612,train,0,0
297,23.5,,C,7.2292,Mr,0,3,male,0,0.0,2693,train,0,0
298,2.0,C22 C26,S,151.55,Miss,2,1,female,1,0.0,113781,train,3,2
299,42.0,C106,S,30.5,Mr,0,1,male,0,1.0,19988,train,0,0
300,50.0,B58 B60,C,247.5208,Mrs,1,1,female,0,1.0,PC 17558,train,1,0
301,22.0,,Q,7.75,Miss,0,3,female,0,1.0,9234,train,0,0
302,25.0,,Q,23.25,Mr,0,3,male,2,1.0,367226,train,2,0
303,19.0,,S,0.0,Mr,0,3,male,0,0.0,LINE,train,0,0
304,28.0,E101,Q,12.35,Miss,0,2,female,0,1.0,226593,train,0,0
305,25.0,,S,8.05,Mr,0,3,male,0,0.0,A/5 2466,train,0,0
306,0.92,C22 C26,S,151.55,Master,2,1,male,1,1.0,113781,train,3,2
307,36.0,,C,110.8833,Miss,0,1,female,0,1.0,17421,train,0,0
308,17.0,C65,C,108.9,Mrs,0,1,female,1,1.0,PC 17758,train,1,0
309,30.0,,C,24.0,Mr,0,2,male,1,0.0,P/PP 3381,train,1,0
310,30.0,E36,C,56.9292,Miss,0,1,female,0,1.0,PC 17485,train,0,0
311,24.0,C54,C,83.1583,Miss,0,1,female,0,1.0,11767,train,0,0
312,18.0,B57 B59 B63 B66,C,262.375,Miss,2,1,female,2,1.0,PC 17608,train,4,4
313,26.0,,S,26.0,Mrs,1,2,female,1,0.0,250651,train,2,1
314,28.0,,S,7.8958,Mr,0,3,male,0,0.0,349243,train,0,0
315,43.0,,S,26.25,Mr,1,2,male,1,0.0,F.C.C. 13529,train,2,1
316,26.0,,S,7.8542,Miss,0,3,female,0,1.0,347470,train,0,0
317,24.0,,S,26.0,Mrs,0,2,female,1,1.0,244367,train,1,0
318,54.0,,S,14.0,Dr,0,2,male,0,0.0,29011,train,0,0
319,31.0,C7,S,164.8667,Miss,2,1,female,0,1.0,36928,train,2,0
320,40.0,E34,C,134.5,Mrs,1,1,female,1,1.0,16966,train,2,1
321,22.0,,S,7.25,Mr,0,3,male,0,0.0,A/5 21172,train,0,0
322,27.0,,S,7.8958,Mr,0,3,male,0,0.0,349219,train,0,0
323,30.0,,Q,12.35,Miss,0,2,female,0,1.0,234818,train,0,0
324,22.0,,S,29.0,Mrs,1,2,female,1,1.0,248738,train,2,1
325,25.0,,S,69.55,Mr,2,3,male,8,0.0,CA. 2343,train,10,16
326,36.0,C32,C,135.6333,Miss,0,1,female,0,1.0,PC 17760,train,0,0
327,61.0,,S,6.2375,Mr,0,3,male,0,0.0,345364,train,0,0
328,36.0,D,S,13.0,Mrs,0,2,female,0,1.0,28551,train,0,0
329,31.0,,S,20.525,Mrs,1,3,female,1,1.0,363291,train,2,1
330,16.0,B18,C,57.9792,Miss,1,1,female,0,1.0,111361,train,1,0
331,22.0,,Q,23.25,Miss,0,3,female,2,1.0,367226,train,2,0
332,45.5,C124,S,28.5,Mr,0,1,male,0,0.0,113043,train,0,0
333,38.0,C91,S,153.4625,Mr,1,1,male,0,0.0,PC 17582,train,1,0
334,16.0,,S,18.0,Mr,0,3,male,2,0.0,345764,train,2,0
335,36.0,,S,133.65,Mrs,0,1,female,1,1.0,PC 17611,train,1,0
336,25.0,,S,7.8958,Mr,0,3,male,0,0.0,349225,train,0,0
337,29.0,C2,S,66.6,Mr,0,1,male,1,0.0,113776,train,1,0
338,41.0,E40,C,134.5,Miss,0,1,female,0,1.0,16966,train,0,0
339,45.0,,S,8.05,Mr,0,3,male,0,1.0,7598,train,0,0
340,45.0,T,S,35.5,Mr,0,1,male,0,0.0,113784,train,0,0
341,2.0,F2,S,26.0,Master,1,2,male,1,1.0,230080,train,2,1
342,24.0,C23 C25 C27,S,263.0,Miss,2,1,female,3,1.0,19950,train,5,6
343,28.0,,S,13.0,Mr,0,2,male,0,0.0,248740,train,0,0
344,25.0,,S,13.0,Mr,0,2,male,0,0.0,244361,train,0,0
345,36.0,,S,13.0,Mr,0,2,male,0,0.0,229236,train,0,0
346,24.0,F33,S,13.0,Miss,0,2,female,0,1.0,248733,train,0,0
347,40.0,,S,13.0,Miss,0,2,female,0,1.0,31418,train,0,0
348,22.0,,S,16.1,Mrs,0,3,female,1,1.0,386525,train,1,0
349,3.0,,S,15.9,Master,1,3,male,1,1.0,C.A. 37671,train,2,1
350,42.0,,S,8.6625,Mr,0,3,male,0,0.0,315088,train,0,0
351,23.0,,S,9.225,Mr,0,3,male,0,0.0,7267,train,0,0
352,42.0,C128,S,35.0,Mr,0,1,male,0,0.0,113510,train,0,0
353,15.0,,C,7.2292,Mr,1,3,male,1,0.0,2695,train,2,1
354,25.0,,S,17.8,Mr,0,3,male,1,0.0,349237,train,1,0
355,25.0,,C,7.225,Mr,0,3,male,0,0.0,2647,train,0,0
356,28.0,,S,9.5,Mr,0,3,male,0,0.0,345783,train,0,0
357,22.0,E33,S,55.0,Miss,1,1,female,0,1.0,113505,train,1,0
358,38.0,,S,13.0,Miss,0,2,female,0,0.0,237671,train,0,0
359,22.0,,Q,7.8792,Miss,0,3,female,0,1.0,330931,train,0,0
360,22.0,,Q,7.8792,Miss,0,3,female,0,1.0,330980,train,0,0
361,40.0,,S,27.9,Mr,4,3,male,1,0.0,347088,train,5,4
362,29.0,,C,27.7208,Mr,0,2,male,1,0.0,SC/PARIS 2167,train,1,0
363,45.0,,C,14.4542,Mrs,1,3,female,0,0.0,2691,train,1,0
364,35.0,,S,7.05,Mr,0,3,male,0,0.0,SOTON/O.Q. 3101310,train,0,0
365,25.0,,Q,15.5,Mr,0,3,male,1,0.0,370365,train,1,0
366,30.0,,S,7.25,Mr,0,3,male,0,0.0,C 7076,train,0,0
367,60.0,D37,C,75.25,Mrs,0,1,female,1,1.0,110813,train,1,0
368,22.0,,C,7.2292,Mrs,0,3,female,0,1.0,2626,train,0,0
369,22.0,,Q,7.75,Miss,0,3,female,0,1.0,14313,train,0,0
370,24.0,B35,C,69.3,Mme,0,1,female,0,1.0,PC 17477,train,0,0
371,25.0,E50,C,55.4417,Mr,0,1,male,1,1.0,11765,train,1,0
372,18.0,,S,6.4958,Mr,0,3,male,1,0.0,3101267,train,1,0
373,19.0,,S,8.05,Mr,0,3,male,0,0.0,323951,train,0,0
374,22.0,,C,135.6333,Mr,0,1,male,0,0.0,PC 17760,train,0,0
375,3.0,,S,21.075,Miss,1,3,female,3,0.0,349909,train,4,3
376,36.0,,C,82.1708,Mrs,0,1,female,1,1.0,PC 17604,train,1,0
377,22.0,,S,7.25,Miss,0,3,female,0,1.0,C 7077,train,0,0
378,27.0,C82,C,211.5,Mr,2,1,male,0,0.0,113503,train,2,0
379,20.0,,C,4.0125,Mr,0,3,male,0,0.0,2648,train,0,0
380,19.0,,S,7.775,Mr,0,3,male,0,0.0,347069,train,0,0
381,42.0,,C,227.525,Miss,0,1,female,0,1.0,PC 17757,train,0,0
382,1.0,,C,15.7417,Miss,2,3,female,0,1.0,2653,train,2,0
383,32.0,,S,7.925,Mr,0,3,male,0,0.0,STON/O 2. 3101293,train,0,0
384,35.0,,S,52.0,Mrs,0,1,female,1,1.0,113789,train,1,0
385,25.0,,S,7.8958,Mr,0,3,male,0,0.0,349227,train,0,0
386,18.0,,S,73.5,Mr,0,2,male,0,0.0,S.O.C. 14879,train,0,0
387,1.0,,S,46.9,Master,2,3,male,5,0.0,CA 2144,train,7,10
388,36.0,,S,13.0,Miss,0,2,female,0,1.0,27849,train,0,0
389,25.0,,Q,7.7292,Mr,0,3,male,0,0.0,367655,train,0,0
390,17.0,,C,12.0,Miss,0,2,female,0,1.0,SC 1748,train,0,0
391,36.0,B96 B98,S,120.0,Mr,2,1,male,1,1.0,113760,train,3,2
392,21.0,,S,7.7958,Mr,0,3,male,0,1.0,350034,train,0,0
393,28.0,,S,7.925,Mr,0,3,male,2,0.0,3101277,train,2,0
394,23.0,D36,C,113.275,Miss,0,1,female,1,1.0,35273,train,1,0
395,24.0,G6,S,16.7,Mrs,2,3,female,0,1.0,PP 9549,train,2,0
396,22.0,,S,7.7958,Mr,0,3,male,0,0.0,350052,train,0,0
397,31.0,,S,7.8542,Miss,0,3,female,0,0.0,350407,train,0,0
398,46.0,,S,26.0,Mr,0,2,male,0,0.0,28403,train,0,0
399,23.0,,S,10.5,Dr,0,2,male,0,0.0,244278,train,0,0
400,28.0,,S,12.65,Mrs,0,2,female,0,1.0,240929,train,0,0
401,39.0,,S,7.925,Mr,0,3,male,0,1.0,STON/O 2. 3101289,train,0,0
402,26.0,,S,8.05,Mr,0,3,male,0,0.0,341826,train,0,0
403,21.0,,S,9.825,Miss,0,3,female,1,0.0,4137,train,1,0
404,28.0,,S,15.85,Mr,0,3,male,1,0.0,STON/O2. 3101279,train,1,0
405,20.0,,S,8.6625,Miss,0,3,female,0,0.0,315096,train,0,0
406,34.0,,S,21.0,Mr,0,2,male,1,0.0,28664,train,1,0
407,51.0,,S,7.75,Mr,0,3,male,0,0.0,347064,train,0,0
408,3.0,,S,18.75,Master,1,2,male,1,1.0,29106,train,2,1
409,21.0,,S,7.775,Mr,0,3,male,0,0.0,312992,train,0,0
410,22.0,,S,25.4667,Miss,1,3,female,3,0.0,4133,train,4,3
411,25.0,,S,7.8958,Mr,0,3,male,0,0.0,349222,train,0,0
412,25.0,,Q,6.8583,Mr,0,3,male,0,0.0,394140,train,0,0
413,33.0,C78,Q,90.0,Miss,0,1,female,1,1.0,19928,train,1,0
414,29.5,,S,0.0,Mr,0,2,male,0,0.0,239853,train,0,0
415,44.0,,S,7.925,Mr,0,3,male,0,1.0,STON/O 2. 3101269,train,0,0
416,22.0,,S,8.05,Mrs,0,3,female,0,0.0,343095,train,0,0
417,34.0,,S,32.5,Mrs,1,2,female,1,1.0,28220,train,2,1
418,18.0,,S,13.0,Miss,2,2,female,0,1.0,250652,train,2,0
419,30.0,,S,13.0,Mr,0,2,male,0,0.0,28228,train,0,0
420,10.0,,S,24.15,Miss,2,3,female,0,0.0,345773,train,2,0
421,25.0,,C,7.8958,Mr,0,3,male,0,0.0,349254,train,0,0
422,21.0,,Q,7.7333,Mr,0,3,male,0,0.0,A/5. 13032,train,0,0
423,29.0,,S,7.875,Mr,0,3,male,0,0.0,315082,train,0,0
424,28.0,,S,14.4,Mrs,1,3,female,1,0.0,347080,train,2,1
425,18.0,,S,20.2125,Mr,1,3,male,1,0.0,370129,train,2,1
426,25.0,,S,7.25,Mr,0,3,male,0,0.0,A/4. 34244,train,0,0
427,28.0,,S,26.0,Mrs,0,2,female,1,1.0,2003,train,1,0
428,19.0,,S,26.0,Miss,0,2,female,0,1.0,250655,train,0,0
429,25.0,,Q,7.75,Mr,0,3,male,0,0.0,364851,train,0,0
430,32.0,E10,S,8.05,Mr,0,3,male,0,1.0,SOTON/O.Q. 392078,train,0,0
431,28.0,C52,S,26.55,Mr,0,1,male,0,1.0,110564,train,0,0
432,22.0,,S,16.1,Mrs,0,3,female,1,1.0,376564,train,1,0
433,42.0,,S,26.0,Mrs,0,2,female,1,1.0,SC/AH 3085,train,1,0
434,17.0,,S,7.125,Mr,0,3,male,0,0.0,STON/O 2. 3101274,train,0,0
435,50.0,E44,S,55.9,Mr,0,1,male,1,0.0,13507,train,1,0
436,14.0,B96 B98,S,120.0,Miss,2,1,female,1,1.0,113760,train,3,2
437,21.0,,S,34.375,Miss,2,3,female,2,0.0,W./C. 6608,train,4,4
438,24.0,,S,18.75,Mrs,3,2,female,2,1.0,29106,train,5,6
439,64.0,C23 C25 C27,S,263.0,Mr,4,1,male,1,0.0,19950,train,5,4
440,31.0,,S,10.5,Mr,0,2,male,0,0.0,C.A. 18723,train,0,0
441,45.0,,S,26.25,Mrs,1,2,female,1,1.0,F.C.C. 13529,train,2,1
442,20.0,,S,9.5,Mr,0,3,male,0,0.0,345769,train,0,0
443,25.0,,S,7.775,Mr,0,3,male,1,0.0,347076,train,1,0
444,28.0,,S,13.0,Ms,0,2,female,0,1.0,230434,train,0,0
445,25.0,,S,8.1125,Mr,0,3,male,0,1.0,65306,train,0,0
446,4.0,A34,S,81.8583,Master,2,1,male,0,1.0,33638,train,2,0
447,13.0,,S,19.5,Miss,1,2,female,0,1.0,250644,train,1,0
448,34.0,,S,26.55,Mr,0,1,male,0,1.0,113794,train,0,0
449,5.0,,C,19.2583,Miss,1,3,female,2,1.0,2666,train,3,2
450,52.0,C104,S,30.5,Major,0,1,male,0,1.0,113786,train,0,0
451,36.0,,S,27.75,Mr,2,2,male,1,0.0,C.A. 34651,train,3,2
452,25.0,,S,19.9667,Mr,0,3,male,1,0.0,65303,train,1,0
453,30.0,C111,C,27.75,Mr,0,1,male,0,0.0,113051,train,0,0
454,49.0,C92,C,89.1042,Mr,0,1,male,1,1.0,17453,train,1,0
455,25.0,,S,8.05,Mr,0,3,male,0,0.0,A/5 2817,train,0,0
456,29.0,,C,7.8958,Mr,0,3,male,0,1.0,349240,train,0,0
457,65.0,E38,S,26.55,Mr,0,1,male,0,0.0,13509,train,0,0
458,36.0,D21,S,51.8625,Mrs,0,1,female,1,1.0,17464,train,1,0
459,50.0,,S,10.5,Miss,0,2,female,0,1.0,F.C.C. 13531,train,0,0
460,25.0,,Q,7.75,Mr,0,3,male,0,0.0,371060,train,0,0
461,48.0,E12,S,26.55,Mr,0,1,male,0,1.0,19952,train,0,0
462,34.0,,S,8.05,Mr,0,3,male,0,0.0,364506,train,0,0
463,47.0,E63,S,38.5,Mr,0,1,male,0,0.0,111320,train,0,0
464,48.0,,S,13.0,Mr,0,2,male,0,0.0,234360,train,0,0
465,25.0,,S,8.05,Mr,0,3,male,0,0.0,A/S 2816,train,0,0
466,38.0,,S,7.05,Mr,0,3,male,0,0.0,SOTON/O.Q. 3101306,train,0,0
467,29.5,,S,0.0,Mr,0,2,male,0,0.0,239853,train,0,0
468,56.0,,S,26.55,Mr,0,1,male,0,0.0,113792,train,0,0
469,25.0,,Q,7.725,Mr,0,3,male,0,0.0,36209,train,0,0
470,0.75,,C,19.2583,Miss,1,3,female,2,1.0,2666,train,3,2
471,25.0,,S,7.25,Mr,0,3,male,0,0.0,323592,train,0,0
472,38.0,,S,8.6625,Mr,0,3,male,0,0.0,315089,train,0,0
473,33.0,,S,27.75,Mrs,2,2,female,1,1.0,C.A. 34651,train,3,2
474,23.0,D,C,13.7917,Mrs,0,2,female,0,1.0,SC/AH Basle 541,train,0,0
475,22.0,,S,9.8375,Miss,0,3,female,0,0.0,7553,train,0,0
476,42.0,A14,S,52.0,Mr,0,1,male,0,0.0,110465,train,0,0
477,34.0,,S,21.0,Mr,0,2,male,1,0.0,31027,train,1,0
478,29.0,,S,7.0458,Mr,0,3,male,1,0.0,3460,train,1,0
479,22.0,,S,7.5208,Mr,0,3,male,0,0.0,350060,train,0,0
480,2.0,,S,12.2875,Miss,1,3,female,0,1.0,3101298,train,1,0
481,9.0,,S,46.9,Master,2,3,male,5,0.0,CA 2144,train,7,10
482,29.5,,S,0.0,Mr,0,2,male,0,0.0,239854,train,0,0
483,50.0,,S,8.05,Mr,0,3,male,0,0.0,A/5 3594,train,0,0
484,63.0,,S,9.5875,Mrs,0,3,female,0,1.0,4134,train,0,0
485,25.0,B49,C,91.0792,Mr,0,1,male,1,1.0,11967,train,1,0
486,22.0,,S,25.4667,Miss,1,3,female,3,0.0,4133,train,4,3
487,35.0,C93,S,90.0,Mrs,0,1,female,1,1.0,19943,train,1,0
488,58.0,B37,C,29.7,Mr,0,1,male,0,0.0,11771,train,0,0
489,30.0,,S,8.05,Mr,0,3,male,0,0.0,A.5. 18509,train,0,0
490,9.0,,S,15.9,Master,1,3,male,1,1.0,C.A. 37671,train,2,1
491,25.0,,S,19.9667,Mr,0,3,male,1,0.0,65304,train,1,0
492,21.0,,S,7.25,Mr,0,3,male,0,0.0,SOTON/OQ 3101317,train,0,0
493,55.0,C30,S,30.5,Mr,0,1,male,0,0.0,113787,train,0,0
494,71.0,,C,49.5042,Mr,0,1,male,0,0.0,PC 17609,train,0,0
495,21.0,,S,8.05,Mr,0,3,male,0,0.0,A/4 45380,train,0,0
496,25.0,,C,14.4583,Mr,0,3,male,0,0.0,2627,train,0,0
497,54.0,D20,C,78.2667,Miss,0,1,female,1,1.0,36947,train,1,0
498,25.0,,S,15.1,Mr,0,3,male,0,0.0,C.A. 6212,train,0,0
499,25.0,C22 C26,S,151.55,Mrs,2,1,female,1,0.0,113781,train,3,2
500,24.0,,S,7.7958,Mr,0,3,male,0,0.0,350035,train,0,0
501,17.0,,S,8.6625,Mr,0,3,male,0,0.0,315086,train,0,0
502,21.0,,Q,7.75,Miss,0,3,female,0,0.0,364846,train,0,0
503,22.0,,Q,7.6292,Miss,0,3,female,0,0.0,330909,train,0,0
504,37.0,,S,9.5875,Miss,0,3,female,0,0.0,4135,train,0,0
505,16.0,B79,S,86.5,Miss,0,1,female,0,1.0,110152,train,0,0
506,18.0,C65,C,108.9,Mr,0,1,male,1,0.0,PC 17758,train,1,0
507,33.0,,S,26.0,Mrs,2,2,female,0,1.0,26360,train,2,0
508,42.0,,S,26.55,Mr,0,1,male,0,1.0,111427,train,0,0
509,28.0,,S,22.525,Mr,0,3,male,0,0.0,C 4001,train,0,0
510,26.0,,S,56.4958,Mr,0,3,male,0,1.0,1601,train,0,0
511,29.0,,Q,7.75,Mr,0,3,male,0,1.0,382651,train,0,0
512,25.0,,S,8.05,Mr,0,3,male,0,0.0,SOTON/OQ 3101316,train,0,0
513,36.0,E25,S,26.2875,Mr,0,1,male,0,1.0,PC 17473,train,0,0
514,54.0,,C,59.4,Mrs,0,1,female,1,1.0,PC 17603,train,1,0
515,24.0,,S,7.4958,Mr,0,3,male,0,0.0,349209,train,0,0
516,47.0,D46,S,34.0208,Mr,0,1,male,0,0.0,36967,train,0,0
517,34.0,F33,S,10.5,Mrs,0,2,female,0,1.0,C.A. 34260,train,0,0
518,25.0,,Q,24.15,Mr,0,3,male,0,0.0,371110,train,0,0
519,36.0,,S,26.0,Mrs,0,2,female,1,1.0,226875,train,1,0
520,32.0,,S,7.8958,Mr,0,3,male,0,0.0,349242,train,0,0
521,30.0,B73,S,93.5,Miss,0,1,female,0,1.0,12749,train,0,0
522,22.0,,S,7.8958,Mr,0,3,male,0,0.0,349252,train,0,0
523,25.0,,C,7.225,Mr,0,3,male,0,0.0,2624,train,0,0
524,44.0,B18,C,57.9792,Mrs,1,1,female,0,1.0,111361,train,1,0
525,25.0,,C,7.2292,Mr,0,3,male,0,0.0,2700,train,0,0
526,40.5,,Q,7.75,Mr,0,3,male,0,0.0,367232,train,0,0
527,50.0,,S,10.5,Miss,0,2,female,0,1.0,W./C. 14258,train,0,0
528,42.0,C95,S,221.7792,Mr,0,1,male,0,0.0,PC 17483,train,0,0
529,39.0,,S,7.925,Mr,0,3,male,0,0.0,3101296,train,0,0
530,23.0,,S,11.5,Mr,1,2,male,2,0.0,29104,train,3,2
531,2.0,,S,26.0,Miss,1,2,female,1,1.0,26360,train,2,1
532,25.0,,C,7.2292,Mr,0,3,male,0,0.0,2641,train,0,0
533,17.0,,C,7.2292,Mr,1,3,male,1,0.0,2690,train,2,1
534,22.0,,C,22.3583,Mrs,2,3,female,0,1.0,2668,train,2,0
535,30.0,,S,8.6625,Miss,0,3,female,0,0.0,315084,train,0,0
536,7.0,,S,26.25,Miss,2,2,female,0,1.0,F.C.C. 13529,train,2,0
537,45.0,B38,S,26.55,Major,0,1,male,0,0.0,113050,train,0,0
538,30.0,,C,106.425,Miss,0,1,female,0,1.0,PC 17761,train,0,0
539,25.0,,S,14.5,Mr,0,3,male,0,0.0,364498,train,0,0
540,22.0,B39,C,49.5,Miss,2,1,female,0,1.0,13568,train,2,0
541,36.0,B22,S,71.0,Miss,2,1,female,0,1.0,WE/P 5735,train,2,0
542,9.0,,S,31.275,Miss,2,3,female,4,0.0,347082,train,6,8
543,11.0,,S,31.275,Miss,2,3,female,4,0.0,347082,train,6,8
544,32.0,,S,26.0,Mr,0,2,male,1,1.0,2908,train,1,0
545,50.0,C86,C,106.425,Mr,0,1,male,1,0.0,PC 17761,train,1,0
546,64.0,,S,26.0,Mr,0,1,male,0,0.0,693,train,0,0
547,19.0,,S,26.0,Mrs,0,2,female,1,1.0,2908,train,1,0
548,29.5,,C,13.8625,Mr,0,2,male,0,1.0,SC/PARIS 2146,train,0,0
549,33.0,,S,20.525,Mr,1,3,male,1,0.0,363291,train,2,1
550,8.0,,S,36.75,Master,1,2,male,1,1.0,C.A. 33112,train,2,1
551,17.0,C70,C,110.8833,Mr,2,1,male,0,1.0,17421,train,2,0
552,27.0,,S,26.0,Mr,0,2,male,0,0.0,244358,train,0,0
553,25.0,,Q,7.8292,Mr,0,3,male,0,0.0,330979,train,0,0
554,22.0,,C,7.225,Mr,0,3,male,0,1.0,2620,train,0,0
555,22.0,,S,7.775,Miss,0,3,female,0,1.0,347085,train,0,0
556,62.0,,S,26.55,Mr,0,1,male,0,0.0,113807,train,0,0
557,48.0,A16,C,39.6,Lady,0,1,female,1,1.0,11755,train,1,0
558,42.0,,C,227.525,Mr,0,1,male,0,0.0,PC 17757,train,0,0
559,39.0,E67,S,79.65,Mrs,1,1,female,1,1.0,110413,train,2,1
560,36.0,,S,17.4,Mrs,0,3,female,1,1.0,345572,train,1,0
561,25.0,,Q,7.75,Mr,0,3,male,0,0.0,372622,train,0,0
562,40.0,,S,7.8958,Mr,0,3,male,0,0.0,349251,train,0,0
563,28.0,,S,13.5,Mr,0,2,male,0,0.0,218629,train,0,0
564,25.0,,S,8.05,Mr,0,3,male,0,0.0,SOTON/OQ 392082,train,0,0
565,22.0,,S,8.05,Miss,0,3,female,0,0.0,SOTON/O.Q. 392087,train,0,0
566,24.0,,S,24.15,Mr,0,3,male,2,0.0,A/4 48871,train,2,0
567,19.0,,S,7.8958,Mr,0,3,male,0,0.0,349205,train,0,0
568,29.0,,S,21.075,Mrs,4,3,female,0,0.0,349909,train,4,0
569,25.0,,C,7.2292,Mr,0,3,male,0,0.0,2686,train,0,0
570,32.0,,S,7.8542,Mr,0,3,male,0,1.0,350417,train,0,0
571,62.0,,S,10.5,Mr,0,2,male,0,1.0,S.W./PP 752,train,0,0
572,53.0,C101,S,51.4792,Mrs,0,1,female,2,1.0,11769,train,2,0
573,36.0,E25,S,26.3875,Mr,0,1,male,0,1.0,PC 17474,train,0,0
574,22.0,,Q,7.75,Miss,0,3,female,0,1.0,14312,train,0,0
575,16.0,,S,8.05,Mr,0,3,male,0,0.0,A/4. 20589,train,0,0
576,19.0,,S,14.5,Mr,0,3,male,0,0.0,358585,train,0,0
577,34.0,,S,13.0,Miss,0,2,female,0,1.0,243880,train,0,0
578,39.0,E44,S,55.9,Mrs,0,1,female,1,1.0,13507,train,1,0
579,22.0,,C,14.4583,Mrs,0,3,female,1,0.0,2689,train,1,0
580,32.0,,S,7.925,Mr,0,3,male,0,1.0,STON/O 2. 3101286,train,0,0
581,25.0,,S,30.0,Miss,1,2,female,1,1.0,237789,train,2,1
582,39.0,C68,C,110.8833,Mrs,1,1,female,1,1.0,17421,train,2,1
583,54.0,,S,26.0,Mr,0,2,male,0,0.0,28403,train,0,0
584,36.0,A10,C,40.125,Mr,0,1,male,0,0.0,13049,train,0,0
585,25.0,,C,8.7125,Mr,0,3,male,0,0.0,3411,train,0,0
586,18.0,E68,S,79.65,Miss,2,1,female,0,1.0,110413,train,2,0
587,47.0,,S,15.0,Mr,0,2,male,0,0.0,237565,train,0,0
588,60.0,B41,C,79.2,Mr,1,1,male,1,1.0,13567,train,2,1
589,22.0,,S,8.05,Mr,0,3,male,0,0.0,14973,train,0,0
590,25.0,,S,8.05,Mr,0,3,male,0,0.0,A./5. 3235,train,0,0
591,35.0,,S,7.125,Mr,0,3,male,0,0.0,STON/O 2. 3101273,train,0,0
592,52.0,D20,C,78.2667,Mrs,0,1,female,1,1.0,36947,train,1,0
593,47.0,,S,7.25,Mr,0,3,male,0,0.0,A/5 3902,train,0,0
594,22.0,,Q,7.75,Miss,2,3,female,0,0.0,364848,train,2,0
595,37.0,,S,26.0,Mr,0,2,male,1,0.0,SC/AH 29037,train,1,0
596,36.0,,S,24.15,Mr,1,3,male,1,0.0,345773,train,2,1
597,28.0,,S,33.0,Miss,0,2,female,0,1.0,248727,train,0,0
598,49.0,,S,0.0,Mr,0,3,male,0,0.0,LINE,train,0,0
599,25.0,,C,7.225,Mr,0,3,male,0,0.0,2664,train,0,0
600,49.0,A20,C,56.9292,Sir,0,1,male,1,1.0,PC 17485,train,1,0
601,24.0,,S,27.0,Mrs,1,2,female,2,1.0,243847,train,3,2
602,25.0,,S,7.8958,Mr,0,3,male,0,0.0,349214,train,0,0
603,42.0,,S,42.4,Mr,0,1,male,0,0.0,113796,train,0,0
604,44.0,,S,8.05,Mr,0,3,male,0,0.0,364511,train,0,0
605,35.0,,C,26.55,Mr,0,1,male,0,1.0,111426,train,0,0
606,36.0,,S,15.55,Mr,0,3,male,1,0.0,349910,train,1,0
607,30.0,,S,7.8958,Mr,0,3,male,0,0.0,349246,train,0,0
608,27.0,,S,30.5,Mr,0,1,male,0,1.0,113804,train,0,0
609,22.0,,C,41.5792,Mrs,2,2,female,1,1.0,SC/Paris 2123,train,3,2
610,40.0,C125,S,153.4625,Miss,0,1,female,0,1.0,PC 17582,train,0,0
611,39.0,,S,31.275,Mrs,5,3,female,1,0.0,347082,train,6,5
612,25.0,,S,7.05,Mr,0,3,male,0,0.0,SOTON/O.Q. 3101305,train,0,0
613,22.0,,Q,15.5,Miss,0,3,female,1,1.0,367230,train,1,0
614,25.0,,Q,7.75,Mr,0,3,male,0,0.0,370377,train,0,0
615,35.0,,S,8.05,Mr,0,3,male,0,0.0,364512,train,0,0
616,24.0,,S,65.0,Miss,2,2,female,1,1.0,220845,train,3,2
617,34.0,,S,14.4,Mr,1,3,male,1,0.0,347080,train,2,1
618,26.0,,S,16.1,Mrs,0,3,female,1,0.0,A/5. 3336,train,1,0
619,4.0,F4,S,39.0,Miss,1,2,female,2,1.0,230136,train,3,2
620,26.0,,S,10.5,Mr,0,2,male,0,0.0,31028,train,0,0
621,27.0,,C,14.4542,Mr,0,3,male,1,0.0,2659,train,1,0
622,42.0,D19,S,52.5542,Mr,0,1,male,1,1.0,11753,train,1,0
623,20.0,,C,15.7417,Mr,1,3,male,1,1.0,2653,train,2,1
624,21.0,,S,7.8542,Mr,0,3,male,0,0.0,350029,train,0,0
625,21.0,,S,16.1,Mr,0,3,male,0,0.0,54636,train,0,0
626,61.0,D50,S,32.3208,Mr,0,1,male,0,0.0,36963,train,0,0
627,57.0,,Q,12.35,Rev,0,2,male,0,0.0,219533,train,0,0
628,21.0,D9,S,77.9583,Miss,0,1,female,0,1.0,13502,train,0,0
629,26.0,,S,7.8958,Mr,0,3,male,0,0.0,349224,train,0,0
630,25.0,,Q,7.7333,Mr,0,3,male,0,0.0,334912,train,0,0
631,80.0,A23,S,30.0,Mr,0,1,male,0,1.0,27042,train,0,0
632,51.0,,S,7.0542,Mr,0,3,male,0,0.0,347743,train,0,0
633,32.0,B50,C,30.5,Dr,0,1,male,0,1.0,13214,train,0,0
634,42.0,,S,0.0,Mr,0,1,male,0,0.0,112052,train,0,0
635,9.0,,S,27.9,Miss,2,3,female,3,0.0,347088,train,5,6
636,28.0,,S,13.0,Miss,0,2,female,0,1.0,237668,train,0,0
637,32.0,,S,7.925,Mr,0,3,male,0,0.0,STON/O 2. 3101292,train,0,0
638,31.0,,S,26.25,Mr,1,2,male,1,0.0,C.A. 31921,train,2,1
639,41.0,,S,39.6875,Mrs,5,3,female,0,0.0,3101295,train,5,0
640,25.0,,S,16.1,Mr,0,3,male,1,0.0,376564,train,1,0
641,20.0,,S,7.8542,Mr,0,3,male,0,0.0,350050,train,0,0
642,24.0,B35,C,69.3,Mlle,0,1,female,0,1.0,PC 17477,train,0,0
643,2.0,,S,27.9,Miss,2,3,female,3,0.0,347088,train,5,6
644,25.0,,S,56.4958,Mr,0,3,male,0,1.0,1601,train,0,0
645,0.75,,C,19.2583,Miss,1,3,female,2,1.0,2666,train,3,2
646,48.0,D33,C,76.7292,Mr,0,1,male,1,1.0,PC 17572,train,1,0
647,19.0,,S,7.8958,Mr,0,3,male,0,0.0,349231,train,0,0
648,56.0,A26,C,35.5,Col,0,1,male,0,1.0,13213,train,0,0
649,25.0,,S,7.55,Mr,0,3,male,0,0.0,S.O./P.P. 751,train,0,0
650,23.0,,S,7.55,Miss,0,3,female,0,1.0,CA. 2314,train,0,0
651,25.0,,S,7.8958,Mr,0,3,male,0,0.0,349221,train,0,0
652,18.0,,S,23.0,Miss,1,2,female,0,1.0,231919,train,1,0
653,21.0,,S,8.4333,Mr,0,3,male,0,0.0,8475,train,0,0
654,22.0,,Q,7.8292,Miss,0,3,female,0,1.0,330919,train,0,0
655,18.0,,Q,6.75,Miss,0,3,female,0,0.0,365226,train,0,0
656,24.0,,S,73.5,Mr,0,2,male,2,0.0,S.O.C. 14879,train,2,0
657,25.0,,S,7.8958,Mr,0,3,male,0,0.0,349223,train,0,0
658,32.0,,Q,15.5,Mrs,1,3,female,1,0.0,364849,train,2,1
659,23.0,,S,13.0,Mr,0,2,male,0,0.0,29751,train,0,0
660,58.0,D48,C,113.275,Mr,2,1,male,0,0.0,35273,train,2,0
661,50.0,,S,133.65,Dr,0,1,male,2,1.0,PC 17611,train,2,0
662,40.0,,C,7.225,Mr,0,3,male,0,0.0,2623,train,0,0
663,47.0,E58,S,25.5875,Mr,0,1,male,0,0.0,5727,train,0,0
664,36.0,,S,7.4958,Mr,0,3,male,0,0.0,349210,train,0,0
665,20.0,,S,7.925,Mr,0,3,male,1,1.0,STON/O 2. 3101285,train,1,0
666,32.0,,S,73.5,Mr,0,2,male,2,0.0,S.O.C. 14879,train,2,0
667,25.0,,S,13.0,Mr,0,2,male,0,0.0,234686,train,0,0
668,25.0,,S,7.775,Mr,0,3,male,0,0.0,312993,train,0,0
669,43.0,,S,8.05,Mr,0,3,male,0,0.0,A/5 3536,train,0,0
670,36.0,C126,S,52.0,Mrs,0,1,female,1,1.0,19996,train,1,0
671,40.0,,S,39.0,Mrs,1,2,female,1,1.0,29750,train,2,1
672,31.0,B71,S,52.0,Mr,0,1,male,1,0.0,F.C. 12750,train,1,0
673,70.0,,S,10.5,Mr,0,2,male,0,0.0,C.A. 24580,train,0,0
674,31.0,,S,13.0,Mr,0,2,male,0,1.0,244270,train,0,0
675,29.5,,S,0.0,Mr,0,2,male,0,0.0,239856,train,0,0
676,18.0,,S,7.775,Mr,0,3,male,0,0.0,349912,train,0,0
677,24.5,,S,8.05,Mr,0,3,male,0,0.0,342826,train,0,0
678,18.0,,S,9.8417,Miss,0,3,female,0,1.0,4138,train,0,0
679,43.0,,S,46.9,Mrs,6,3,female,1,0.0,CA 2144,train,7,6
680,36.0,B51 B53 B55,C,512.3292,Mr,1,1,male,0,1.0,PC 17755,train,1,0
681,22.0,,Q,8.1375,Miss,0,3,female,0,0.0,330935,train,0,0
682,27.0,D49,C,76.7292,Mr,0,1,male,0,1.0,PC 17572,train,0,0
683,20.0,,S,9.225,Mr,0,3,male,0,0.0,6563,train,0,0
684,14.0,,S,46.9,Mr,2,3,male,5,0.0,CA 2144,train,7,10
685,60.0,,S,39.0,Mr,1,2,male,1,0.0,29750,train,2,1
686,25.0,,C,41.5792,Mr,2,2,male,1,0.0,SC/Paris 2123,train,3,2
687,14.0,,S,39.6875,Mr,1,3,male,4,0.0,3101295,train,5,4
688,19.0,,S,10.1708,Mr,0,3,male,0,0.0,349228,train,0,0
689,18.0,,S,7.7958,Mr,0,3,male,0,0.0,350036,train,0,0
690,15.0,B5,S,211.3375,Miss,1,1,female,0,1.0,24160,train,1,0
691,31.0,B20,S,57.0,Mr,0,1,male,1,1.0,17474,train,1,0
692,4.0,,C,13.4167,Miss,1,3,female,0,1.0,349256,train,1,0
693,25.0,,S,56.4958,Mr,0,3,male,0,1.0,1601,train,0,0
694,25.0,,C,7.225,Mr,0,3,male,0,0.0,2672,train,0,0
695,60.0,,S,26.55,Col,0,1,male,0,0.0,113800,train,0,0
696,52.0,,S,13.5,Mr,0,2,male,0,0.0,248731,train,0,0
697,44.0,,S,8.05,Mr,0,3,male,0,0.0,363592,train,0,0
698,22.0,,Q,7.7333,Miss,0,3,female,0,1.0,35852,train,0,0
699,49.0,C68,C,110.8833,Mr,1,1,male,1,0.0,17421,train,2,1
700,42.0,F G63,S,7.65,Mr,0,3,male,0,0.0,348121,train,0,0
701,18.0,C62 C64,C,227.525,Mrs,0,1,female,1,1.0,PC 17757,train,1,0
702,35.0,E24,S,26.2875,Mr,0,1,male,0,1.0,PC 17475,train,0,0
703,18.0,,C,14.4542,Miss,1,3,female,0,0.0,2691,train,1,0
704,25.0,,Q,7.7417,Mr,0,3,male,0,0.0,36864,train,0,0
705,26.0,,S,7.8542,Mr,0,3,male,1,0.0,350025,train,1,0
706,39.0,,S,26.0,Mr,0,2,male,0,0.0,250655,train,0,0
707,45.0,,S,13.5,Mrs,0,2,female,0,1.0,223596,train,0,0
708,42.0,E24,S,26.2875,Mr,0,1,male,0,1.0,PC 17476,train,0,0
709,22.0,,S,151.55,Miss,0,1,female,0,1.0,113781,train,0,0
710,25.0,,C,15.2458,Master,1,3,male,1,1.0,2661,train,2,1
711,24.0,C90,C,49.5042,Mlle,0,1,female,0,1.0,PC 17482,train,0,0
712,42.0,C124,S,26.55,Mr,0,1,male,0,0.0,113028,train,0,0
713,48.0,C126,S,52.0,Mr,0,1,male,1,1.0,19996,train,1,0
714,29.0,,S,9.4833,Mr,0,3,male,0,0.0,7545,train,0,0
715,52.0,,S,13.0,Mr,0,2,male,0,0.0,250647,train,0,0
716,19.0,F G73,S,7.65,Mr,0,3,male,0,0.0,348124,train,0,0
717,38.0,C45,C,227.525,Miss,0,1,female,0,1.0,PC 17757,train,0,0
718,27.0,E101,S,10.5,Miss,0,2,female,0,1.0,34218,train,0,0
719,25.0,,Q,15.5,Mr,0,3,male,0,0.0,36568,train,0,0
720,33.0,,S,7.775,Mr,0,3,male,0,0.0,347062,train,0,0
721,6.0,,S,33.0,Miss,1,2,female,0,1.0,248727,train,1,0
722,17.0,,S,7.0542,Mr,0,3,male,1,0.0,350048,train,1,0
723,34.0,,S,13.0,Mr,0,2,male,0,0.0,12233,train,0,0
724,50.0,,S,13.0,Mr,0,2,male,0,0.0,250643,train,0,0
725,27.0,E8,S,53.1,Mr,0,1,male,1,1.0,113806,train,1,0
726,20.0,,S,8.6625,Mr,0,3,male,0,0.0,315094,train,0,0
727,30.0,,S,21.0,Mrs,0,2,female,3,1.0,31027,train,3,0
728,22.0,,Q,7.7375,Miss,0,3,female,0,1.0,36866,train,0,0
729,25.0,,S,26.0,Mr,0,2,male,1,0.0,236853,train,1,0
730,25.0,,S,7.925,Miss,0,3,female,1,0.0,STON/O2. 3101271,train,1,0
731,29.0,B5,S,211.3375,Miss,0,1,female,0,1.0,24160,train,0,0
732,11.0,,C,18.7875,Mr,0,3,male,0,0.0,2699,train,0,0
733,29.5,,S,0.0,Mr,0,2,male,0,0.0,239855,train,0,0
734,23.0,,S,13.0,Mr,0,2,male,0,0.0,28425,train,0,0
735,23.0,,S,13.0,Mr,0,2,male,0,0.0,233639,train,0,0
736,28.5,,S,16.1,Mr,0,3,male,0,0.0,54636,train,0,0
737,48.0,,S,34.375,Mrs,3,3,female,1,0.0,W./C. 6608,train,4,3
738,35.0,B101,C,512.3292,Mr,0,1,male,0,1.0,PC 17755,train,0,0
739,25.0,,S,7.8958,Mr,0,3,male,0,0.0,349201,train,0,0
740,25.0,,S,7.8958,Mr,0,3,male,0,0.0,349218,train,0,0
741,42.0,D45,S,30.0,Mr,0,1,male,0,1.0,16988,train,0,0
742,36.0,C46,S,78.85,Mr,0,1,male,1,0.0,19877,train,1,0
743,21.0,B57 B59 B63 B66,C,262.375,Miss,2,1,female,2,1.0,PC 17608,train,4,4
744,24.0,,S,16.1,Mr,0,3,male,1,0.0,376566,train,1,0
745,31.0,,S,7.925,Mr,0,3,male,0,1.0,STON/O 2. 3101288,train,0,0
746,70.0,B22,S,71.0,Capt,1,1,male,1,0.0,WE/P 5735,train,2,1
747,16.0,,S,20.25,Mr,1,3,male,1,0.0,C.A. 2673,train,2,1
748,30.0,,S,13.0,Miss,0,2,female,0,1.0,250648,train,0,0
749,19.0,D30,S,53.1,Mr,0,1,male,1,0.0,113773,train,1,0
750,31.0,,Q,7.75,Mr,0,3,male,0,0.0,335097,train,0,0
751,4.0,,S,23.0,Miss,1,2,female,1,1.0,29103,train,2,1
752,6.0,E121,S,12.475,Master,1,3,male,0,1.0,392096,train,1,0
753,33.0,,S,9.5,Mr,0,3,male,0,0.0,345780,train,0,0
754,23.0,,S,7.8958,Mr,0,3,male,0,0.0,349204,train,0,0
755,48.0,,S,65.0,Mrs,2,2,female,1,1.0,220845,train,3,2
756,0.67,,S,14.5,Master,1,2,male,1,1.0,250649,train,2,1
757,28.0,,S,7.7958,Mr,0,3,male,0,0.0,350042,train,0,0
758,18.0,,S,11.5,Mr,0,2,male,0,0.0,29108,train,0,0
759,34.0,,S,8.05,Mr,0,3,male,0,0.0,363294,train,0,0
760,33.0,B77,S,86.5,the Countess,0,1,female,0,1.0,110152,train,0,0
761,25.0,,S,14.5,Mr,0,3,male,0,0.0,358585,train,0,0
762,41.0,,S,7.125,Mr,0,3,male,0,0.0,SOTON/O2 3101272,train,0,0
763,20.0,,C,7.2292,Mr,0,3,male,0,1.0,2663,train,0,0
764,36.0,B96 B98,S,120.0,Mrs,2,1,female,1,1.0,113760,train,3,2
765,16.0,,S,7.775,Mr,0,3,male,0,0.0,347074,train,0,0
766,51.0,D11,S,77.9583,Mrs,0,1,female,1,1.0,13502,train,1,0
767,42.0,,C,39.6,Dr,0,1,male,0,0.0,112379,train,0,0
768,30.5,,Q,7.75,Miss,0,3,female,0,0.0,364850,train,0,0
769,25.0,,Q,24.15,Mr,0,3,male,1,0.0,371110,train,1,0
770,32.0,,S,8.3625,Mr,0,3,male,0,0.0,8471,train,0,0
771,24.0,,S,9.5,Mr,0,3,male,0,0.0,345781,train,0,0
772,48.0,,S,7.8542,Mr,0,3,male,0,0.0,350047,train,0,0
773,57.0,E77,S,10.5,Mrs,0,2,female,0,0.0,S.O./P.P. 3,train,0,0
774,25.0,,C,7.225,Mr,0,3,male,0,0.0,2674,train,0,0
775,54.0,,S,23.0,Mrs,3,2,female,1,1.0,29105,train,4,3
776,18.0,,S,7.75,Mr,0,3,male,0,0.0,347078,train,0,0
777,25.0,F38,Q,7.75,Mr,0,3,male,0,0.0,383121,train,0,0
778,5.0,,S,12.475,Miss,0,3,female,0,1.0,364516,train,0,0
779,25.0,,Q,7.7375,Mr,0,3,male,0,0.0,36865,train,0,0
780,43.0,B3,S,211.3375,Mrs,1,1,female,0,1.0,24160,train,1,0
781,13.0,,C,7.2292,Miss,0,3,female,0,1.0,2687,train,0,0
782,17.0,B20,S,57.0,Mrs,0,1,female,1,1.0,17474,train,1,0
783,29.0,D6,S,30.0,Mr,0,1,male,0,0.0,113501,train,0,0
784,25.0,,S,23.45,Mr,2,3,male,1,0.0,W./C. 6607,train,3,2
785,25.0,,S,7.05,Mr,0,3,male,0,0.0,SOTON/O.Q. 3101312,train,0,0
786,25.0,,S,7.25,Mr,0,3,male,0,0.0,374887,train,0,0
787,18.0,,S,7.4958,Miss,0,3,female,0,1.0,3101265,train,0,0
788,8.0,,Q,29.125,Master,1,3,male,4,0.0,382652,train,5,4
789,1.0,,S,20.575,Master,2,3,male,1,1.0,C.A. 2315,train,3,2
790,46.0,B82 B84,C,79.2,Mr,0,1,male,0,0.0,PC 17593,train,0,0
791,25.0,,Q,7.75,Mr,0,3,male,0,0.0,12460,train,0,0
792,16.0,,S,26.0,Mr,0,2,male,0,0.0,239865,train,0,0
793,22.0,,S,69.55,Miss,2,3,female,8,0.0,CA. 2343,train,10,16
794,42.0,,C,30.6958,Mr,0,1,male,0,0.0,PC 17600,train,0,0
795,25.0,,S,7.8958,Mr,0,3,male,0,0.0,349203,train,0,0
796,39.0,,S,13.0,Mr,0,2,male,0,0.0,28213,train,0,0
797,49.0,D17,S,25.9292,Dr,0,1,female,0,1.0,17465,train,0,0
798,31.0,,S,8.6833,Mrs,0,3,female,0,1.0,349244,train,0,0
799,30.0,,C,7.2292,Mr,0,3,male,0,0.0,2685,train,0,0
800,30.0,,S,24.15,Mrs,1,3,female,1,0.0,345773,train,2,1
801,34.0,,S,13.0,Mr,0,2,male,0,0.0,250647,train,0,0
802,31.0,,S,26.25,Mrs,1,2,female,1,1.0,C.A. 31921,train,2,1
803,11.0,B96 B98,S,120.0,Master,2,1,male,1,1.0,113760,train,3,2
804,0.42,,C,8.5167,Master,1,3,male,0,1.0,2625,train,1,0
805,27.0,,S,6.975,Mr,0,3,male,0,1.0,347089,train,0,0
806,31.0,,S,7.775,Mr,0,3,male,0,0.0,347063,train,0,0
807,39.0,A36,S,0.0,Mr,0,1,male,0,0.0,112050,train,0,0
808,18.0,,S,7.775,Miss,0,3,female,0,0.0,347087,train,0,0
809,39.0,,S,13.0,Mr,0,2,male,0,0.0,248723,train,0,0
810,33.0,E8,S,53.1,Mrs,0,1,female,1,1.0,113806,train,1,0
811,26.0,,S,7.8875,Mr,0,3,male,0,0.0,3474,train,0,0
812,39.0,,S,24.15,Mr,0,3,male,0,0.0,A/4 48871,train,0,0
813,35.0,,S,10.5,Mr,0,2,male,0,0.0,28206,train,0,0
814,6.0,,S,31.275,Miss,2,3,female,4,0.0,347082,train,6,8
815,30.5,,S,8.05,Mr,0,3,male,0,0.0,364499,train,0,0
816,42.0,B102,S,0.0,Mr,0,1,male,0,0.0,112058,train,0,0
817,23.0,,S,7.925,Miss,0,3,female,0,0.0,STON/O2. 3101290,train,0,0
818,31.0,,C,37.0042,Mr,1,2,male,1,0.0,S.C./PARIS 2079,train,2,1
819,43.0,,S,6.45,Mr,0,3,male,0,0.0,C 7075,train,0,0
820,10.0,,S,27.9,Master,2,3,male,3,0.0,347088,train,5,6
821,52.0,B69,S,93.5,Mrs,1,1,female,1,1.0,12749,train,2,1
822,27.0,,S,8.6625,Mr,0,3,male,0,1.0,315098,train,0,0
823,38.0,,S,0.0,Jonkheer,0,1,male,0,0.0,19972,train,0,0
824,27.0,E121,S,12.475,Mrs,1,3,female,0,1.0,392096,train,1,0
825,2.0,,S,39.6875,Master,1,3,male,4,0.0,3101295,train,5,4
826,25.0,,Q,6.95,Mr,0,3,male,0,0.0,368323,train,0,0
827,25.0,,S,56.4958,Mr,0,3,male,0,0.0,1601,train,0,0
828,1.0,,C,37.0042,Master,2,2,male,0,1.0,S.C./PARIS 2079,train,2,0
829,25.0,,Q,7.75,Mr,0,3,male,0,1.0,367228,train,0,0
830,62.0,B28,S,80.0,Mrs,0,1,female,0,1.0,113572,train,0,0
831,15.0,,C,14.4542,Mrs,0,3,female,1,1.0,2659,train,1,0
832,0.83,,S,18.75,Master,1,2,male,1,1.0,29106,train,2,1
833,25.0,,C,7.2292,Mr,0,3,male,0,0.0,2671,train,0,0
834,23.0,,S,7.8542,Mr,0,3,male,0,0.0,347468,train,0,0
835,18.0,,S,8.3,Mr,0,3,male,0,0.0,2223,train,0,0
836,39.0,E49,C,83.1583,Miss,1,1,female,1,1.0,PC 17756,train,2,1
837,21.0,,S,8.6625,Mr,0,3,male,0,0.0,315097,train,0,0
838,25.0,,S,8.05,Mr,0,3,male,0,0.0,392092,train,0,0
839,32.0,,S,56.4958,Mr,0,3,male,0,1.0,1601,train,0,0
840,42.0,C47,C,29.7,Mr,0,1,male,0,1.0,11774,train,0,0
841,20.0,,S,7.925,Mr,0,3,male,0,0.0,SOTON/O2 3101287,train,0,0
842,16.0,,S,10.5,Mr,0,2,male,0,0.0,S.O./P.P. 3,train,0,0
843,30.0,,C,31.0,Miss,0,1,female,0,1.0,113798,train,0,0
844,34.5,,C,6.4375,Mr,0,3,male,0,0.0,2683,train,0,0
845,17.0,,S,8.6625,Mr,0,3,male,0,0.0,315090,train,0,0
846,42.0,,S,7.55,Mr,0,3,male,0,0.0,C.A. 5547,train,0,0
847,25.0,,S,69.55,Mr,2,3,male,8,0.0,CA. 2343,train,10,16
848,35.0,,C,7.8958,Mr,0,3,male,0,0.0,349213,train,0,0
849,28.0,,S,33.0,Rev,1,2,male,0,0.0,248727,train,1,0
850,36.0,C92,C,89.1042,Mrs,0,1,female,1,1.0,17453,train,1,0
851,4.0,,S,31.275,Master,2,3,male,4,0.0,347082,train,6,8
852,74.0,,S,7.775,Mr,0,3,male,0,0.0,347060,train,0,0
853,9.0,,C,15.2458,Miss,1,3,female,1,0.0,2678,train,2,1
854,16.0,D28,S,39.4,Miss,1,1,female,0,1.0,PC 17592,train,1,0
855,44.0,,S,26.0,Mrs,0,2,female,1,0.0,244252,train,1,0
856,18.0,,S,9.35,Mrs,1,3,female,0,1.0,392091,train,1,0
857,45.0,,S,164.8667,Mrs,1,1,female,1,1.0,36928,train,2,1
858,51.0,E17,S,26.55,Mr,0,1,male,0,1.0,113055,train,0,0
859,24.0,,C,19.2583,Mrs,3,3,female,0,1.0,2666,train,3,0
860,25.0,,C,7.2292,Mr,0,3,male,0,0.0,2629,train,0,0
861,41.0,,S,14.1083,Mr,0,3,male,2,0.0,350026,train,2,0
862,21.0,,S,11.5,Mr,0,2,male,1,0.0,28134,train,1,0
863,48.0,D17,S,25.9292,Mrs,0,1,female,0,1.0,17466,train,0,0
864,22.0,,S,69.55,Miss,2,3,female,8,0.0,CA. 2343,train,10,16
865,24.0,,S,13.0,Mr,0,2,male,0,0.0,233866,train,0,0
866,42.0,,S,13.0,Mrs,0,2,female,0,1.0,236852,train,0,0
867,27.0,,C,13.8583,Miss,0,2,female,1,1.0,SC/PARIS 2149,train,1,0
868,31.0,A24,S,50.4958,Mr,0,1,male,0,0.0,PC 17590,train,0,0
869,25.0,,S,9.5,Mr,0,3,male,0,0.0,345777,train,0,0
870,4.0,,S,11.1333,Master,1,3,male,1,1.0,347742,train,2,1
871,26.0,,S,7.8958,Mr,0,3,male,0,0.0,349248,train,0,0
872,47.0,D35,S,52.5542,Mrs,1,1,female,1,1.0,11751,train,2,1
873,33.0,B51 B53 B55,S,5.0,Mr,0,1,male,0,0.0,695,train,0,0
874,47.0,,S,9.0,Mr,0,3,male,0,0.0,345765,train,0,0
875,28.0,,C,24.0,Mrs,0,2,female,1,1.0,P/PP 3381,train,1,0
876,15.0,,C,7.225,Miss,0,3,female,0,1.0,2667,train,0,0
877,20.0,,S,9.8458,Mr,0,3,male,0,0.0,7534,train,0,0
878,19.0,,S,7.8958,Mr,0,3,male,0,0.0,349212,train,0,0
879,25.0,,S,7.8958,Mr,0,3,male,0,0.0,349217,train,0,0
880,56.0,C50,C,83.1583,Mrs,1,1,female,0,1.0,11767,train,1,0
881,25.0,,S,26.0,Mrs,1,2,female,0,1.0,230433,train,1,0
882,33.0,,S,7.8958,Mr,0,3,male,0,0.0,349257,train,0,0
883,22.0,,S,10.5167,Miss,0,3,female,0,0.0,7552,train,0,0
884,28.0,,S,10.5,Mr,0,2,male,0,0.0,C.A./SOTON 34068,train,0,0
885,25.0,,S,7.05,Mr,0,3,male,0,0.0,SOTON/OQ 392076,train,0,0
886,39.0,,Q,29.125,Mrs,5,3,female,0,0.0,382652,train,5,0
887,27.0,,S,13.0,Rev,0,2,male,0,0.0,211536,train,0,0
888,19.0,B42,S,30.0,Miss,0,1,female,0,1.0,112053,train,0,0
889,22.0,,S,23.45,Miss,2,3,female,1,0.0,W./C. 6607,train,3,2
890,26.0,C148,C,30.0,Mr,0,1,male,0,1.0,111369,train,0,0
891,32.0,,Q,7.75,Mr,0,3,male,0,0.0,370376,train,0,0
892,34.5,,Q,7.8292,Mr,0,3,male,0,,330911,test,0,0
893,47.0,,S,7.0,Mrs,0,3,female,1,,363272,test,1,0
894,62.0,,Q,9.6875,Mr,0,2,male,0,,240276,test,0,0
895,27.0,,S,8.6625,Mr,0,3,male,0,,315154,test,0,0
896,22.0,,S,12.2875,Mrs,1,3,female,1,,3101298,test,2,1
897,14.0,,S,9.225,Mr,0,3,male,0,,7538,test,0,0
898,30.0,,Q,7.6292,Miss,0,3,female,0,,330972,test,0,0
899,26.0,,S,29.0,Mr,1,2,male,1,,248738,test,2,1
900,18.0,,C,7.2292,Mrs,0,3,female,0,,2657,test,0,0
901,21.0,,S,24.15,Mr,0,3,male,2,,A/4 48871,test,2,0
902,25.0,,S,7.8958,Mr,0,3,male,0,,349220,test,0,0
903,46.0,,S,26.0,Mr,0,1,male,0,,694,test,0,0
904,23.0,B45,S,82.2667,Mrs,0,1,female,1,,21228,test,1,0
905,63.0,,S,26.0,Mr,0,2,male,1,,24065,test,1,0
906,47.0,E31,S,61.175,Mrs,0,1,female,1,,W.E.P. 5734,test,1,0
907,24.0,,C,27.7208,Mrs,0,2,female,1,,SC/PARIS 2167,test,1,0
908,35.0,,Q,12.35,Mr,0,2,male,0,,233734,test,0,0
909,21.0,,C,7.225,Mr,0,3,male,0,,2692,test,0,0
910,27.0,,S,7.925,Miss,0,3,female,1,,STON/O2. 3101270,test,1,0
911,45.0,,C,7.225,Mrs,0,3,female,0,,2696,test,0,0
912,55.0,,C,59.4,Mr,0,1,male,1,,PC 17603,test,1,0
913,9.0,,S,3.1708,Master,1,3,male,0,,C 17368,test,1,0
914,36.0,,S,31.6833,Mrs,0,1,female,0,,PC 17598,test,0,0
915,21.0,,C,61.3792,Mr,1,1,male,0,,PC 17597,test,1,0
916,48.0,B57 B59 B63 B66,C,262.375,Mrs,3,1,female,1,,PC 17608,test,4,3
917,50.0,,S,14.5,Mr,0,3,male,1,,A/5. 3337,test,1,0
918,22.0,B36,C,61.9792,Miss,1,1,female,0,,113509,test,1,0
919,22.5,,C,7.225,Mr,0,3,male,0,,2698,test,0,0
920,41.0,A21,S,30.5,Mr,0,1,male,0,,113054,test,0,0
921,25.0,,C,21.6792,Mr,0,3,male,2,,2662,test,2,0
922,50.0,,S,26.0,Mr,0,2,male,1,,SC/AH 3085,test,1,0
923,24.0,,S,31.5,Mr,0,2,male,2,,C.A. 31029,test,2,0
924,33.0,,S,20.575,Mrs,2,3,female,1,,C.A. 2315,test,3,2
925,22.0,,S,23.45,Mrs,2,3,female,1,,W./C. 6607,test,3,2
926,30.0,C78,C,57.75,Mr,0,1,male,1,,13236,test,1,0
927,18.5,,C,7.2292,Mr,0,3,male,0,,2682,test,0,0
928,22.0,,S,8.05,Miss,0,3,female,0,,342712,test,0,0
929,21.0,,S,8.6625,Miss,0,3,female,0,,315087,test,0,0
930,25.0,,S,9.5,Mr,0,3,male,0,,345768,test,0,0
931,25.0,,S,56.4958,Mr,0,3,male,0,,1601,test,0,0
932,39.0,,C,13.4167,Mr,1,3,male,0,,349256,test,1,0
933,42.0,D34,S,26.55,Mr,0,1,male,0,,113778,test,0,0
934,41.0,,S,7.85,Mr,0,3,male,0,,SOTON/O.Q. 3101263,test,0,0
935,30.0,,S,13.0,Mrs,0,2,female,0,,237249,test,0,0
936,45.0,D19,S,52.5542,Mrs,0,1,female,1,,11753,test,1,0
937,25.0,,S,7.925,Mr,0,3,male,0,,STON/O 2. 3101291,test,0,0
938,45.0,A9,C,29.7,Mr,0,1,male,0,,PC 17594,test,0,0
939,25.0,,Q,7.75,Mr,0,3,male,0,,370374,test,0,0
940,60.0,D15,C,76.2917,Mrs,0,1,female,0,,11813,test,0,0
941,36.0,,S,15.9,Mrs,2,3,female,0,,C.A. 37671,test,2,0
942,24.0,C31,S,60.0,Mr,0,1,male,1,,13695,test,1,0
943,27.0,,C,15.0333,Mr,0,2,male,0,,SC/PARIS 2168,test,0,0
944,20.0,,S,23.0,Miss,1,2,female,2,,29105,test,3,2
945,28.0,C23 C25 C27,S,263.0,Miss,2,1,female,3,,19950,test,5,6
946,29.5,,C,15.5792,Mr,0,2,male,0,,SC/A.3 2861,test,0,0
947,10.0,,Q,29.125,Master,1,3,male,4,,382652,test,5,4
948,35.0,,S,7.8958,Mr,0,3,male,0,,349230,test,0,0
949,25.0,F G63,S,7.65,Mr,0,3,male,0,,348122,test,0,0
950,25.0,,S,16.1,Mr,0,3,male,1,,386525,test,1,0
951,36.0,B61,C,262.375,Miss,0,1,female,0,,PC 17608,test,0,0
952,17.0,,S,7.8958,Mr,0,3,male,0,,349232,test,0,0
953,32.0,,S,13.5,Mr,0,2,male,0,,237216,test,0,0
954,18.0,,S,7.75,Mr,0,3,male,0,,347090,test,0,0
955,22.0,,Q,7.725,Miss,0,3,female,0,,334914,test,0,0
956,13.0,B57 B59 B63 B66,C,262.375,Master,2,1,male,2,,PC 17608,test,4,4
957,28.0,,S,21.0,Mrs,0,2,female,0,,F.C.C. 13534,test,0,0
958,18.0,,Q,7.8792,Miss,0,3,female,0,,330963,test,0,0
959,47.0,,S,42.4,Mr,0,1,male,0,,113796,test,0,0
960,31.0,C53,C,28.5375,Mr,0,1,male,0,,2543,test,0,0
961,60.0,C23 C25 C27,S,263.0,Mrs,4,1,female,1,,19950,test,5,4
962,24.0,,Q,7.75,Miss,0,3,female,0,,382653,test,0,0
963,21.0,,S,7.8958,Mr,0,3,male,0,,349211,test,0,0
964,29.0,,S,7.925,Miss,0,3,female,0,,3101297,test,0,0
965,28.5,D43,C,27.7208,Mr,0,1,male,0,,PC 17562,test,0,0
966,35.0,C130,C,211.5,Miss,0,1,female,0,,113503,test,0,0
967,32.5,C132,C,211.5,Mr,0,1,male,0,,113503,test,0,0
968,25.0,,S,8.05,Mr,0,3,male,0,,359306,test,0,0
969,55.0,C101,S,25.7,Mrs,0,1,female,2,,11770,test,2,0
970,30.0,,S,13.0,Mr,0,2,male,0,,248744,test,0,0
971,24.0,,Q,7.75,Miss,0,3,female,0,,368702,test,0,0
972,6.0,,C,15.2458,Master,1,3,male,1,,2678,test,2,1
973,67.0,C55 C57,S,221.7792,Mr,0,1,male,1,,PC 17483,test,1,0
974,49.0,,S,26.0,Mr,0,1,male,0,,19924,test,0,0
975,25.0,,S,7.8958,Mr,0,3,male,0,,349238,test,0,0
976,29.5,,Q,10.7083,Mr,0,2,male,0,,240261,test,0,0
977,25.0,,C,14.4542,Mr,0,3,male,1,,2660,test,1,0
978,27.0,,Q,7.8792,Miss,0,3,female,0,,330844,test,0,0
979,18.0,,S,8.05,Miss,0,3,female,0,,A/4 31416,test,0,0
980,22.0,,Q,7.75,Ms,0,3,female,0,,364856,test,0,0
981,2.0,,S,23.0,Master,1,2,male,1,,29103,test,2,1
982,22.0,,S,13.9,Mrs,0,3,female,1,,347072,test,1,0
983,25.0,,S,7.775,Mr,0,3,male,0,,345498,test,0,0
984,27.0,B71,S,52.0,Mrs,2,1,female,1,,F.C. 12750,test,3,2
985,25.0,,S,8.05,Mr,0,3,male,0,,376563,test,0,0
986,25.0,,C,26.0,Mr,0,1,male,0,,13905,test,0,0
987,25.0,,S,7.7958,Mr,0,3,male,0,,350033,test,0,0
988,76.0,C46,S,78.85,Mrs,0,1,female,1,,19877,test,1,0
989,29.0,,S,7.925,Mr,0,3,male,0,,STON/O 2. 3101268,test,0,0
990,20.0,,S,7.8542,Miss,0,3,female,0,,347471,test,0,0
991,33.0,,S,8.05,Mr,0,3,male,0,,A./5. 3338,test,0,0
992,43.0,C116,C,55.4417,Mrs,0,1,female,1,,11778,test,1,0
993,27.0,,S,26.0,Mr,0,2,male,1,,228414,test,1,0
994,25.0,,Q,7.75,Mr,0,3,male,0,,365235,test,0,0
995,26.0,,S,7.775,Mr,0,3,male,0,,347070,test,0,0
996,16.0,,C,8.5167,Mrs,1,3,female,1,,2625,test,2,1
997,28.0,,S,22.525,Mr,0,3,male,0,,C 4001,test,0,0
998,21.0,,Q,7.8208,Mr,0,3,male,0,,330920,test,0,0
999,25.0,,Q,7.75,Mr,0,3,male,0,,383162,test,0,0
1000,25.0,,S,8.7125,Mr,0,3,male,0,,3410,test,0,0
1001,18.5,F,S,13.0,Mr,0,2,male,0,,248734,test,0,0
1002,41.0,,C,15.0458,Mr,0,2,male,0,,237734,test,0,0
1003,22.0,,Q,7.7792,Miss,0,3,female,0,,330968,test,0,0
1004,36.0,A29,C,31.6792,Miss,0,1,female,0,,PC 17531,test,0,0
1005,18.5,,Q,7.2833,Miss,0,3,female,0,,329944,test,0,0
1006,63.0,C55 C57,S,221.7792,Mrs,0,1,female,1,,PC 17483,test,1,0
1007,18.0,,C,14.4542,Mr,0,3,male,1,,2680,test,1,0
1008,25.0,,C,6.4375,Mr,0,3,male,0,,2681,test,0,0
1009,1.0,G6,S,16.7,Miss,1,3,female,1,,PP 9549,test,2,1
1010,36.0,C6,C,75.2417,Mr,0,1,male,0,,13050,test,0,0
1011,29.0,,S,26.0,Mrs,0,2,female,1,,SC/AH 29037,test,1,0
1012,12.0,,S,15.75,Miss,0,2,female,0,,C.A. 33595,test,0,0
1013,25.0,,Q,7.75,Mr,0,3,male,1,,367227,test,1,0
1014,35.0,C28,C,57.75,Mrs,0,1,female,1,,13236,test,1,0
1015,28.0,,S,7.25,Mr,0,3,male,0,,392095,test,0,0
1016,25.0,,Q,7.75,Mr,0,3,male,0,,368783,test,0,0
1017,17.0,,S,16.1,Miss,1,3,female,0,,371362,test,1,0
1018,22.0,,S,7.7958,Mr,0,3,male,0,,350045,test,0,0
1019,22.0,,Q,23.25,Miss,0,3,female,2,,367226,test,2,0
1020,42.0,,S,13.0,Mr,0,2,male,0,,211535,test,0,0
1021,24.0,,S,8.05,Mr,0,3,male,0,,342441,test,0,0
1022,32.0,,S,8.05,Mr,0,3,male,0,,STON/OQ. 369943,test,0,0
1023,53.0,C51,C,28.5,Col,0,1,male,0,,113780,test,0,0
1024,22.0,,S,25.4667,Mrs,4,3,female,0,,4133,test,4,0
1025,25.0,,C,6.4375,Mr,0,3,male,1,,2621,test,1,0
1026,43.0,,S,7.8958,Mr,0,3,male,0,,349226,test,0,0
1027,24.0,,S,7.8542,Mr,0,3,male,0,,350409,test,0,0
1028,26.5,,C,7.225,Mr,0,3,male,0,,2656,test,0,0
1029,26.0,,S,13.0,Mr,0,2,male,0,,248659,test,0,0
1030,23.0,,S,8.05,Miss,0,3,female,0,,SOTON/OQ 392083,test,0,0
1031,40.0,,S,46.9,Mr,6,3,male,1,,CA 2144,test,7,6
1032,10.0,,S,46.9,Miss,2,3,female,5,,CA 2144,test,7,10
1033,33.0,,S,151.55,Miss,0,1,female,0,,113781,test,0,0
1034,61.0,B57 B59 B63 B66,C,262.375,Mr,3,1,male,1,,PC 17608,test,4,3
1035,28.0,,S,26.0,Mr,0,2,male,0,,244358,test,0,0
1036,42.0,,S,26.55,Mr,0,1,male,0,,17475,test,0,0
1037,31.0,,S,18.0,Mr,0,3,male,3,,345763,test,3,0
1038,42.0,E46,S,51.8625,Mr,0,1,male,0,,17463,test,0,0
1039,22.0,,S,8.05,Mr,0,3,male,0,,SC/A4 23568,test,0,0
1040,42.0,,S,26.55,Mr,0,1,male,0,,113791,test,0,0
1041,30.0,,S,26.0,Rev,1,2,male,1,,250651,test,2,1
1042,23.0,C54,C,83.1583,Mrs,1,1,female,0,,11767,test,1,0
1043,25.0,,C,7.8958,Mr,0,3,male,0,,349255,test,0,0
1044,60.5,,S,8.05,Mr,0,3,male,0,,3701,test,0,0
1045,36.0,,S,12.1833,Mrs,2,3,female,0,,350405,test,2,0
1046,13.0,,S,31.3875,Master,2,3,male,4,,347077,test,6,8
1047,24.0,,S,7.55,Mr,0,3,male,0,,S.O./P.P. 752,test,0,0
1048,29.0,C97,S,221.7792,Miss,0,1,female,0,,PC 17483,test,0,0
1049,23.0,,S,7.8542,Miss,0,3,female,0,,347469,test,0,0
1050,42.0,D22,S,26.55,Mr,0,1,male,0,,110489,test,0,0
1051,26.0,,S,13.775,Mrs,2,3,female,0,,SOTON/O.Q. 3101315,test,2,0
1052,22.0,,Q,7.7333,Miss,0,3,female,0,,335432,test,0,0
1053,7.0,,C,15.2458,Master,1,3,male,1,,2650,test,2,1
1054,26.0,,S,13.5,Miss,0,2,female,0,,220844,test,0,0
1055,25.0,,S,7.0,Mr,0,3,male,0,,343271,test,0,0
1056,41.0,,S,13.0,Rev,0,2,male,0,,237393,test,0,0
1057,26.0,,S,22.025,Mrs,1,3,female,1,,315153,test,2,1
1058,48.0,B10,C,50.4958,Mr,0,1,male,0,,PC 17591,test,0,0
1059,18.0,,S,34.375,Mr,2,3,male,2,,W./C. 6608,test,4,4
1060,36.0,,C,27.7208,Mrs,0,1,female,0,,17770,test,0,0
1061,22.0,,S,8.9625,Miss,0,3,female,0,,7548,test,0,0
1062,25.0,,S,7.55,Mr,0,3,male,0,,S.O./P.P. 251,test,0,0
1063,27.0,,C,7.225,Mr,0,3,male,0,,2670,test,0,0
1064,23.0,,S,13.9,Mr,0,3,male,1,,347072,test,1,0
1065,25.0,,C,7.2292,Mr,0,3,male,0,,2673,test,0,0
1066,40.0,,S,31.3875,Mr,5,3,male,1,,347077,test,6,5
1067,15.0,,S,39.0,Miss,2,2,female,0,,29750,test,2,0
1068,20.0,,S,36.75,Miss,0,2,female,0,,C.A. 33112,test,0,0
1069,54.0,C116,C,55.4417,Mr,0,1,male,1,,11778,test,1,0
1070,36.0,F4,S,39.0,Mrs,3,2,female,0,,230136,test,3,0
1071,64.0,E45,C,83.1583,Mrs,2,1,female,0,,PC 17756,test,2,0
1072,30.0,,S,13.0,Mr,0,2,male,0,,233478,test,0,0
1073,37.0,E52,C,83.1583,Mr,1,1,male,1,,PC 17756,test,2,1
1074,18.0,D30,S,53.1,Mrs,0,1,female,1,,113773,test,1,0
1075,25.0,,Q,7.75,Mr,0,3,male,0,,7935,test,0,0
1076,27.0,B58 B60,C,247.5208,Mrs,1,1,female,1,,PC 17558,test,2,1
1077,40.0,,S,16.0,Mr,0,2,male,0,,239059,test,0,0
1078,21.0,,S,21.0,Miss,1,2,female,0,,S.O./P.P. 2,test,1,0
1079,17.0,,S,8.05,Mr,0,3,male,2,,A/4 48873,test,2,0
1080,22.0,,S,69.55,Miss,2,3,female,8,,CA. 2343,test,10,16
1081,40.0,,S,13.0,Mr,0,2,male,0,,28221,test,0,0
1082,34.0,,S,26.0,Mr,0,2,male,1,,226875,test,1,0
1083,42.0,,S,26.0,Mr,0,1,male,0,,111163,test,0,0
1084,11.5,,S,14.5,Master,1,3,male,1,,A/5. 851,test,2,1
1085,61.0,,Q,12.35,Mr,0,2,male,0,,235509,test,0,0
1086,8.0,,S,32.5,Master,2,2,male,0,,28220,test,2,0
1087,33.0,,S,7.8542,Mr,0,3,male,0,,347465,test,0,0
1088,6.0,E34,C,134.5,Master,2,1,male,0,,16966,test,2,0
1089,18.0,,S,7.775,Miss,0,3,female,0,,347066,test,0,0
1090,23.0,,S,10.5,Mr,0,2,male,0,,C.A. 31030,test,0,0
1091,22.0,,S,8.1125,Mrs,0,3,female,0,,65305,test,0,0
1092,22.0,,Q,15.5,Miss,0,3,female,0,,36568,test,0,0
1093,0.33,,S,14.4,Master,2,3,male,0,,347080,test,2,0
1094,47.0,C62 C64,C,227.525,Col,0,1,male,1,,PC 17757,test,1,0
1095,8.0,,S,26.0,Miss,1,2,female,1,,26360,test,2,1
1096,25.0,,S,10.5,Mr,0,2,male,0,,C.A. 34050,test,0,0
1097,42.0,,C,25.7417,Mr,0,1,male,0,,F.C. 12998,test,0,0
1098,35.0,,Q,7.75,Miss,0,3,female,0,,9232,test,0,0
1099,24.0,,S,10.5,Mr,0,2,male,0,,28034,test,0,0
1100,33.0,A11,C,27.7208,Miss,0,1,female,0,,PC 17613,test,0,0
1101,25.0,,S,7.8958,Mr,0,3,male,0,,349250,test,0,0
1102,32.0,,S,22.525,Mr,0,3,male,0,,C 4001,test,0,0
1103,25.0,,S,7.05,Mr,0,3,male,0,,SOTON/O.Q. 3101308,test,0,0
1104,17.0,,S,73.5,Mr,0,2,male,0,,S.O.C. 14879,test,0,0
1105,60.0,,S,26.0,Mrs,0,2,female,1,,24065,test,1,0
1106,38.0,,S,7.775,Miss,2,3,female,4,,347091,test,6,8
1107,42.0,B11,S,42.5,Mr,0,1,male,0,,113038,test,0,0
1108,22.0,,Q,7.8792,Miss,0,3,female,0,,330924,test,0,0
1109,57.0,,S,164.8667,Mr,1,1,male,1,,36928,test,2,1
1110,50.0,C80,C,211.5,Mrs,1,1,female,1,,113503,test,2,1
1111,25.0,,S,8.05,Mr,0,3,male,0,,32302,test,0,0
1112,30.0,,C,13.8583,Miss,0,2,female,1,,SC/PARIS 2148,test,1,0
1113,21.0,,S,8.05,Mr,0,3,male,0,,342684,test,0,0
1114,22.0,F33,S,10.5,Mrs,0,2,female,0,,W./C. 14266,test,0,0
1115,21.0,,S,7.7958,Mr,0,3,male,0,,350053,test,0,0
1116,53.0,,C,27.4458,Mrs,0,1,female,0,,PC 17606,test,0,0
1117,22.0,,C,15.2458,Mrs,2,3,female,0,,2661,test,2,0
1118,23.0,,S,7.7958,Mr,0,3,male,0,,350054,test,0,0
1119,22.0,,Q,7.75,Miss,0,3,female,0,,370368,test,0,0
1120,40.5,,S,15.1,Mr,0,3,male,0,,C.A. 6212,test,0,0
1121,36.0,,S,13.0,Mr,0,2,male,0,,242963,test,0,0
1122,14.0,,S,65.0,Mr,0,2,male,0,,220845,test,0,0
1123,21.0,,S,26.55,Miss,0,1,female,0,,113795,test,0,0
1124,21.0,,S,6.4958,Mr,0,3,male,1,,3101266,test,1,0
1125,25.0,,Q,7.8792,Mr,0,3,male,0,,330971,test,0,0
1126,39.0,C85,C,71.2833,Mr,0,1,male,1,,PC 17599,test,1,0
1127,20.0,,S,7.8542,Mr,0,3,male,0,,350416,test,0,0
1128,64.0,D37,C,75.25,Mr,0,1,male,1,,110813,test,1,0
1129,20.0,,C,7.225,Mr,0,3,male,0,,2679,test,0,0
1130,18.0,,S,13.0,Miss,1,2,female,1,,250650,test,2,1
1131,48.0,C86,C,106.425,Mrs,0,1,female,1,,PC 17761,test,1,0
1132,55.0,,C,27.7208,Mrs,0,1,female,0,,112377,test,0,0
1133,45.0,,S,30.0,Mrs,2,2,female,0,,237789,test,2,0
1134,45.0,E34,C,134.5,Mr,1,1,male,1,,16966,test,2,1
1135,25.0,,S,7.8875,Mr,0,3,male,0,,3470,test,0,0
1136,25.0,,S,23.45,Master,2,3,male,1,,W./C. 6607,test,3,2
1137,41.0,D21,S,51.8625,Mr,0,1,male,1,,17464,test,1,0
1138,22.0,,S,21.0,Mrs,0,2,female,0,,F.C.C. 13534,test,0,0
1139,42.0,,S,32.5,Mr,1,2,male,1,,28220,test,2,1
1140,29.0,,S,26.0,Mrs,0,2,female,1,,26707,test,1,0
1141,22.0,,C,14.4542,Mrs,0,3,female,1,,2660,test,1,0
1142,0.92,,S,27.75,Miss,2,2,female,1,,C.A. 34651,test,3,2
1143,20.0,,S,7.925,Mr,0,3,male,0,,SOTON/O2 3101284,test,0,0
1144,27.0,C89,C,136.7792,Mr,0,1,male,1,,13508,test,1,0
1145,24.0,,S,9.325,Mr,0,3,male,0,,7266,test,0,0
1146,32.5,,S,9.5,Mr,0,3,male,0,,345775,test,0,0
1147,25.0,,S,7.55,Mr,0,3,male,0,,C.A. 42795,test,0,0
1148,25.0,,Q,7.75,Mr,0,3,male,0,,AQ/4 3130,test,0,0
1149,28.0,,S,8.05,Mr,0,3,male,0,,363611,test,0,0
1150,19.0,,S,13.0,Miss,0,2,female,0,,28404,test,0,0
1151,21.0,,S,7.775,Mr,0,3,male,0,,345501,test,0,0
1152,36.5,,S,17.4,Mr,0,3,male,1,,345572,test,1,0
1153,21.0,,S,7.8542,Mr,0,3,male,0,,350410,test,0,0
1154,29.0,,S,23.0,Mrs,2,2,female,0,,29103,test,2,0
1155,1.0,,S,12.1833,Miss,1,3,female,1,,350405,test,2,1
1156,30.0,,C,12.7375,Mr,0,2,male,0,,C.A. 34644,test,0,0
1157,25.0,,S,7.8958,Mr,0,3,male,0,,349235,test,0,0
1158,42.0,,S,0.0,Mr,0,1,male,0,,112051,test,0,0
1159,25.0,,S,7.55,Mr,0,3,male,0,,C.A. 49867,test,0,0
1160,22.0,,S,8.05,Miss,0,3,female,0,,A. 2. 39186,test,0,0
1161,17.0,,S,8.6625,Mr,0,3,male,0,,315095,test,0,0
1162,46.0,C6,C,75.2417,Mr,0,1,male,0,,13050,test,0,0
1163,25.0,,Q,7.75,Mr,0,3,male,0,,368573,test,0,0
1164,26.0,C89,C,136.7792,Mrs,0,1,female,1,,13508,test,1,0
1165,22.0,,Q,15.5,Miss,0,3,female,1,,370371,test,1,0
1166,25.0,,C,7.225,Mr,0,3,male,0,,2676,test,0,0
1167,20.0,,S,26.0,Miss,0,2,female,1,,236853,test,1,0
1168,28.0,,S,10.5,Mr,0,2,male,0,,SC 14888,test,0,0
1169,40.0,,S,26.0,Mr,0,2,male,1,,2926,test,1,0
1170,30.0,,S,21.0,Mr,0,2,male,1,,CA 31352,test,1,0
1171,22.0,,S,10.5,Mr,0,2,male,0,,W./C. 14260,test,0,0
1172,23.0,,S,8.6625,Miss,0,3,female,0,,315085,test,0,0
1173,0.75,,S,13.775,Master,1,3,male,1,,SOTON/O.Q. 3101315,test,2,1
1174,22.0,,Q,7.75,Miss,0,3,female,0,,364859,test,0,0
1175,9.0,,C,15.2458,Miss,1,3,female,1,,2650,test,2,1
1176,2.0,,S,20.2125,Miss,1,3,female,1,,370129,test,2,1
1177,36.0,,S,7.25,Mr,0,3,male,0,,A/5 21175,test,0,0
1178,25.0,,S,7.25,Mr,0,3,male,0,,SOTON/O.Q. 3101314,test,0,0
1179,24.0,B45,S,82.2667,Mr,0,1,male,1,,21228,test,1,0
1180,25.0,F E46,C,7.2292,Mr,0,3,male,0,,2655,test,0,0
1181,25.0,,S,8.05,Mr,0,3,male,0,,A/5 1478,test,0,0
1182,42.0,,S,39.6,Mr,0,1,male,0,,PC 17607,test,0,0
1183,30.0,,Q,6.95,Miss,0,3,female,0,,382650,test,0,0
1184,25.0,,C,7.2292,Mr,0,3,male,0,,2652,test,0,0
1185,53.0,A34,S,81.8583,Dr,1,1,male,1,,33638,test,2,1
1186,36.0,,S,9.5,Mr,0,3,male,0,,345771,test,0,0
1187,26.0,,S,7.8958,Mr,0,3,male,0,,349202,test,0,0
1188,1.0,,C,41.5792,Miss,2,2,female,1,,SC/Paris 2123,test,3,2
1189,25.0,,C,21.6792,Mr,0,3,male,2,,2662,test,2,0
1190,30.0,,S,45.5,Mr,0,1,male,0,,113801,test,0,0
1191,29.0,,S,7.8542,Mr,0,3,male,0,,347467,test,0,0
1192,32.0,,S,7.775,Mr,0,3,male,0,,347079,test,0,0
1193,29.5,D,C,15.0458,Mr,0,2,male,0,,237735,test,0,0
1194,43.0,,S,21.0,Mr,1,2,male,0,,S.O./P.P. 2,test,1,0
1195,24.0,,S,8.6625,Mr,0,3,male,0,,315092,test,0,0
1196,22.0,,Q,7.75,Miss,0,3,female,0,,383123,test,0,0
1197,64.0,B26,S,26.55,Mrs,1,1,female,1,,112901,test,2,1
1198,30.0,C22 C26,S,151.55,Mr,2,1,male,1,,113781,test,3,2
1199,0.83,,S,9.35,Master,1,3,male,0,,392091,test,1,0
1200,55.0,B69,S,93.5,Mr,1,1,male,1,,12749,test,2,1
1201,45.0,,S,14.1083,Mrs,0,3,female,1,,350026,test,1,0
1202,18.0,,S,8.6625,Mr,0,3,male,0,,315091,test,0,0
1203,22.0,,C,7.225,Mr,0,3,male,0,,2658,test,0,0
1204,25.0,,S,7.575,Mr,0,3,male,0,,LP 1588,test,0,0
1205,37.0,,Q,7.75,Miss,0,3,female,0,,368364,test,0,0
1206,55.0,C32,C,135.6333,Mrs,0,1,female,0,,PC 17760,test,0,0
1207,17.0,,Q,7.7333,Miss,0,3,female,0,,AQ/3. 30631,test,0,0
1208,57.0,B78,C,146.5208,Mr,0,1,male,1,,PC 17569,test,1,0
1209,19.0,,S,10.5,Mr,0,2,male,0,,28004,test,0,0
1210,27.0,,S,7.8542,Mr,0,3,male,0,,350408,test,0,0
1211,22.0,,S,31.5,Mr,0,2,male,2,,C.A. 31029,test,2,0
1212,26.0,,S,7.775,Mr,0,3,male,0,,347075,test,0,0
1213,25.0,F E57,C,7.2292,Mr,0,3,male,0,,2654,test,0,0
1214,26.0,F2,S,13.0,Mr,0,2,male,0,,244368,test,0,0
1215,33.0,,S,26.55,Mr,0,1,male,0,,113790,test,0,0
1216,39.0,,S,211.3375,Miss,0,1,female,0,,24160,test,0,0
1217,23.0,,S,7.05,Mr,0,3,male,0,,SOTON/O.Q. 3101309,test,0,0
1218,12.0,F4,S,39.0,Miss,1,2,female,2,,230136,test,3,2
1219,46.0,,C,79.2,Mr,0,1,male,0,,PC 17585,test,0,0
1220,29.0,,S,26.0,Mr,0,2,male,1,,2003,test,1,0
1221,21.0,,S,13.0,Mr,0,2,male,0,,236854,test,0,0
1222,48.0,,S,36.75,Mrs,2,2,female,0,,C.A. 33112,test,2,0
1223,39.0,A18,C,29.7,Mr,0,1,male,0,,PC 17580,test,0,0
1224,25.0,,C,7.225,Mr,0,3,male,0,,2684,test,0,0
1225,19.0,,C,15.7417,Mrs,1,3,female,1,,2653,test,2,1
1226,27.0,,S,7.8958,Mr,0,3,male,0,,349229,test,0,0
1227,30.0,C106,S,26.0,Mr,0,1,male,0,,110469,test,0,0
1228,32.0,,S,13.0,Mr,0,2,male,0,,244360,test,0,0
1229,39.0,,C,7.2292,Mr,2,3,male,0,,2675,test,2,0
1230,25.0,,S,31.5,Mr,0,2,male,0,,C.A. 31029,test,0,0
1231,25.0,,C,7.2292,Master,0,3,male,0,,2622,test,0,0
1232,18.0,,S,10.5,Mr,0,2,male,0,,C.A. 15185,test,0,0
1233,32.0,,S,7.5792,Mr,0,3,male,0,,350403,test,0,0
1234,25.0,,S,69.55,Mr,9,3,male,1,,CA. 2343,test,10,9
1235,58.0,B51 B53 B55,C,512.3292,Mrs,1,1,female,0,,PC 17755,test,1,0
1236,25.0,,S,14.5,Master,1,3,male,1,,A/5. 851,test,2,1
1237,16.0,,S,7.65,Miss,0,3,female,0,,348125,test,0,0
1238,26.0,,S,13.0,Mr,0,2,male,0,,237670,test,0,0
1239,38.0,,C,7.2292,Mrs,0,3,female,0,,2688,test,0,0
1240,24.0,,S,13.5,Mr,0,2,male,0,,248726,test,0,0
1241,31.0,,S,21.0,Miss,0,2,female,0,,F.C.C. 13528,test,0,0
1242,45.0,D10 D12,C,63.3583,Mrs,1,1,female,0,,PC 17759,test,1,0
1243,25.0,,S,10.5,Mr,0,2,male,0,,F.C.C. 13540,test,0,0
1244,18.0,,S,73.5,Mr,0,2,male,0,,S.O.C. 14879,test,0,0
1245,49.0,,S,65.0,Mr,2,2,male,1,,220845,test,3,2
1246,0.17,,S,20.575,Miss,2,3,female,1,,C.A. 2315,test,3,2
1247,50.0,E60,S,26.0,Mr,0,1,male,0,,113044,test,0,0
1248,59.0,C101,S,51.4792,Mrs,0,1,female,2,,11769,test,2,0
1249,25.0,,S,7.8792,Mr,0,3,male,0,,1222,test,0,0
1250,25.0,,Q,7.75,Mr,0,3,male,0,,368402,test,0,0
1251,30.0,,S,15.55,Mrs,0,3,female,1,,349910,test,1,0
1252,14.5,,S,69.55,Master,2,3,male,8,,CA. 2343,test,10,16
1253,24.0,,C,37.0042,Mrs,1,2,female,1,,S.C./PARIS 2079,test,2,1
1254,31.0,,S,21.0,Mrs,0,2,female,0,,CA 31352,test,0,0
1255,27.0,,S,8.6625,Mr,0,3,male,0,,315083,test,0,0
1256,25.0,E50,C,55.4417,Mrs,0,1,female,1,,11765,test,1,0
1257,22.0,,S,69.55,Mrs,9,3,female,1,,CA. 2343,test,10,9
1258,25.0,,C,14.4583,Mr,0,3,male,1,,2689,test,1,0
1259,22.0,,S,39.6875,Miss,0,3,female,0,,3101295,test,0,0
1260,45.0,,C,59.4,Mrs,1,1,female,0,,112378,test,1,0
1261,29.0,,C,13.8583,Mr,0,2,male,0,,SC/PARIS 2147,test,0,0
1262,21.0,,S,11.5,Mr,0,2,male,1,,28133,test,1,0
1263,31.0,E39 E41,C,134.5,Miss,0,1,female,0,,16966,test,0,0
1264,49.0,B52 B54 B56,S,0.0,Mr,0,1,male,0,,112058,test,0,0
1265,44.0,,S,13.0,Mr,0,2,male,0,,248746,test,0,0
1266,54.0,A34,S,81.8583,Mrs,1,1,female,1,,33638,test,2,1
1267,45.0,,C,262.375,Miss,0,1,female,0,,PC 17608,test,0,0
1268,22.0,,S,8.6625,Miss,0,3,female,2,,315152,test,2,0
1269,21.0,,S,11.5,Mr,0,2,male,0,,29107,test,0,0
1270,55.0,C39,S,50.0,Mr,0,1,male,0,,680,test,0,0
1271,5.0,,S,31.3875,Master,2,3,male,4,,347077,test,6,8
1272,25.0,,Q,7.75,Mr,0,3,male,0,,366713,test,0,0
1273,26.0,,Q,7.8792,Mr,0,3,male,0,,330910,test,0,0
1274,22.0,,S,14.5,Mrs,0,3,female,0,,364498,test,0,0
1275,19.0,,S,16.1,Mrs,0,3,female,1,,376566,test,1,0
1276,29.5,,S,12.875,Mr,0,2,male,0,,SC/PARIS 2159,test,0,0
1277,24.0,,S,65.0,Miss,2,2,female,1,,220845,test,3,2
1278,24.0,,S,7.775,Mr,0,3,male,0,,349911,test,0,0
1279,57.0,,S,13.0,Mr,0,2,male,0,,244346,test,0,0
1280,21.0,,Q,7.75,Mr,0,3,male,0,,364858,test,0,0
1281,6.0,,S,21.075,Master,1,3,male,3,,349909,test,4,3
1282,23.0,B24,S,93.5,Mr,0,1,male,0,,12749,test,0,0
1283,51.0,D28,S,39.4,Mrs,1,1,female,0,,PC 17592,test,1,0
1284,13.0,,S,20.25,Master,2,3,male,0,,C.A. 2673,test,2,0
1285,47.0,,S,10.5,Mr,0,2,male,0,,C.A. 30769,test,0,0
1286,29.0,,S,22.025,Mr,1,3,male,3,,315153,test,4,3
1287,18.0,C31,S,60.0,Mrs,0,1,female,1,,13695,test,1,0
1288,24.0,,Q,7.25,Mr,0,3,male,0,,371109,test,0,0
1289,48.0,B41,C,79.2,Mrs,1,1,female,1,,13567,test,2,1
1290,22.0,,S,7.775,Mr,0,3,male,0,,347065,test,0,0
1291,31.0,,Q,7.7333,Mr,0,3,male,0,,21332,test,0,0
1292,30.0,C7,S,164.8667,Miss,0,1,female,0,,36928,test,0,0
1293,38.0,,S,21.0,Mr,0,2,male,1,,28664,test,1,0
1294,22.0,,C,59.4,Miss,1,1,female,0,,112378,test,1,0
1295,17.0,,S,47.1,Mr,0,1,male,0,,113059,test,0,0
1296,43.0,D40,C,27.7208,Mr,0,1,male,1,,17765,test,1,0
1297,20.0,D38,C,13.8625,Mr,0,2,male,0,,SC/PARIS 2166,test,0,0
1298,23.0,,S,10.5,Mr,0,2,male,1,,28666,test,1,0
1299,50.0,C80,C,211.5,Mr,1,1,male,1,,113503,test,2,1
1300,22.0,,Q,7.7208,Miss,0,3,female,0,,334915,test,0,0
1301,3.0,,S,13.775,Miss,1,3,female,1,,SOTON/O.Q. 3101315,test,2,1
1302,22.0,,Q,7.75,Miss,0,3,female,0,,365237,test,0,0
1303,37.0,C78,Q,90.0,Mrs,0,1,female,1,,19928,test,1,0
1304,28.0,,S,7.775,Miss,0,3,female,0,,347086,test,0,0
1305,25.0,,S,8.05,Mr,0,3,male,0,,A.5. 3236,test,0,0
1306,39.0,C105,C,108.9,Dona,0,1,female,0,,PC 17758,test,0,0
1307,38.5,,S,7.25,Mr,0,3,male,0,,SOTON/O.Q. 3101262,test,0,0
1308,25.0,,S,8.05,Mr,0,3,male,0,,359309,test,0,0
1309,25.0,,C,22.3583,Master,1,3,male,1,,2668,test,2,1
